"Student_ID","Internships_Completed","Projects_Completed","Certifications","Soft_Skills_Score","Networking_Score"
"S00001",3,7,2,9,8
"S00002",4,7,3,8,1
"S00003",4,8,1,1,9
"S00004",3,9,1,10,6
"S00005",4,6,4,10,9
"S00006",2,3,2,2,2
"S00007",0,1,3,3,3
"S00008",1,5,5,5,1
"S00009",2,3,0,5,5
"S00010",1,5,3,10,2
"S00011",2,7,5,8,1
"S00012",2,2,3,2,9
"S00013",2,0,5,2,9
"S00014",0,4,3,8,6
"S00015",1,2,3,1,8
"S00016",3,5,2,9,9
"S00017",3,2,3,2,5
"S00018",4,0,5,5,2
"S00019",0,8,5,3,4
"S00020",0,4,1,5,3
"S00021",0,1,5,8,10
"S00022",2,1,1,8,7
"S00023",0,8,5,6,10
"S00024",3,0,3,9,10
"S00025",0,9,5,7,10
"S00026",2,2,1,2,8
"S00027",1,9,2,1,5
"S00028",0,6,0,8,2
"S00029",1,0,3,1,9
"S00030",4,1,5,8,1
"S00031",2,5,1,9,5
"S00032",0,8,1,1,3
"S00033",4,8,2,7,8
"S00034",4,7,5,5,8
"S00035",1,2,2,8,1
"S00036",3,1,0,4,4
"S00037",3,0,5,2,10
"S00038",3,8,4,7,8
"S00039",3,4,4,7,9
"S00040",2,2,5,8,9
"S00041",0,9,4,9,2
"S00042",0,9,0,6,9
"S00043",2,4,3,3,8
"S00044",1,2,4,5,9
"S00045",0,8,4,3,9
"S00046",4,0,5,10,3
"S00047",0,0,1,9,5
"S00048",2,2,1,5,3
"S00049",1,5,3,7,6
"S00050",0,1,5,10,10
"S00051",2,0,2,7,5
"S00052",4,7,0,7,2
"S00053",3,9,4,10,3
"S00054",4,8,5,4,7
"S00055",4,9,5,4,10
"S00056",1,0,0,3,10
"S00057",0,2,1,4,5
"S00058",3,4,0,9,3
"S00059",2,6,1,5,4
"S00060",3,9,0,6,6
"S00061",0,3,1,4,8
"S00062",1,5,0,1,7
"S00063",0,0,4,7,3
"S00064",2,3,4,7,2
"S00065",3,7,3,6,3
"S00066",4,4,0,4,5
"S00067",0,7,2,10,7
"S00068",1,0,3,8,8
"S00069",1,9,0,8,6
"S00070",3,8,2,1,2
"S00071",4,3,4,9,2
"S00072",2,8,4,8,10
"S00073",4,7,5,2,5
"S00074",3,7,4,9,5
"S00075",4,1,5,4,1
"S00076",3,2,2,10,1
"S00077",4,9,1,6,9
"S00078",0,8,0,2,7
"S00079",1,2,3,10,8
"S00080",3,7,5,4,5
"S00081",3,4,3,2,3
"S00082",1,6,4,9,3
"S00083",2,3,1,9,3
"S00084",3,7,5,5,1
"S00085",0,3,0,3,3
"S00086",4,4,5,3,2
"S00087",0,0,0,1,8
"S00088",3,9,3,8,10
"S00089",2,7,3,3,10
"S00090",3,6,3,4,6
"S00091",2,4,0,2,5
"S00092",1,5,5,8,1
"S00093",4,0,3,3,2
"S00094",0,7,0,2,2
"S00095",2,8,4,1,7
"S00096",0,4,5,10,7
"S00097",1,9,5,2,6
"S00098",3,6,5,2,8
"S00099",2,9,1,4,4
"S00100",4,3,3,1,9
"S00101",2,5,0,1,8
"S00102",3,1,4,6,3
"S00103",3,3,2,5,3
"S00104",4,4,4,1,9
"S00105",4,8,1,6,9
"S00106",1,8,4,8,5
"S00107",0,7,3,5,10
"S00108",2,3,3,3,1
"S00109",1,5,2,3,3
"S00110",0,6,5,2,5
"S00111",1,0,0,9,4
"S00112",4,0,4,9,4
"S00113",4,3,2,7,1
"S00114",3,2,3,1,6
"S00115",2,9,5,1,10
"S00116",2,3,0,4,4
"S00117",2,8,0,2,1
"S00118",1,1,1,3,10
"S00119",1,3,5,2,6
"S00120",2,6,3,1,5
"S00121",3,1,0,3,5
"S00122",0,7,1,7,2
"S00123",1,9,1,10,1
"S00124",2,3,3,9,7
"S00125",4,8,0,10,5
"S00126",1,0,5,9,3
"S00127",0,6,0,8,6
"S00128",1,0,4,6,3
"S00129",0,9,0,1,6
"S00130",0,8,1,8,6
"S00131",1,9,2,8,9
"S00132",0,9,3,9,8
"S00133",1,0,2,10,1
"S00134",1,2,0,6,7
"S00135",3,6,5,3,9
"S00136",4,0,5,6,2
"S00137",0,4,1,8,9
"S00138",1,5,2,7,6
"S00139",0,2,3,8,3
"S00140",1,5,4,3,8
"S00141",1,3,2,8,7
"S00142",1,5,5,5,8
"S00143",4,5,4,7,8
"S00144",0,3,5,4,7
"S00145",4,0,0,3,1
"S00146",4,2,0,6,10
"S00147",4,9,3,9,10
"S00148",4,6,4,4,10
"S00149",3,1,4,9,8
"S00150",0,3,3,3,5
"S00151",0,5,5,6,2
"S00152",1,4,2,5,2
"S00153",0,5,3,9,2
"S00154",4,4,0,6,9
"S00155",2,8,4,2,5
"S00156",0,1,1,4,3
"S00157",2,3,5,5,6
"S00158",3,0,1,9,9
"S00159",1,6,0,1,9
"S00160",1,0,4,9,9
"S00161",1,5,4,10,10
"S00162",3,9,3,1,4
"S00163",4,9,2,1,5
"S00164",2,8,3,4,1
"S00165",0,1,1,6,10
"S00166",4,0,4,2,6
"S00167",1,9,2,1,2
"S00168",1,2,3,4,7
"S00169",4,5,2,8,4
"S00170",2,6,5,6,4
"S00171",4,7,5,5,9
"S00172",3,3,1,1,1
"S00173",1,7,2,3,6
"S00174",2,6,5,7,2
"S00175",0,7,4,10,6
"S00176",1,4,5,3,7
"S00177",4,9,2,5,3
"S00178",2,6,2,6,4
"S00179",1,3,3,9,2
"S00180",0,0,2,3,7
"S00181",0,2,2,6,9
"S00182",4,9,1,2,5
"S00183",3,8,2,9,5
"S00184",4,3,3,9,9
"S00185",2,4,3,7,8
"S00186",4,2,4,9,1
"S00187",2,5,5,4,2
"S00188",3,3,1,10,7
"S00189",4,4,0,1,3
"S00190",0,6,4,1,6
"S00191",2,6,2,2,1
"S00192",2,8,5,10,8
"S00193",0,1,1,3,2
"S00194",4,3,4,2,1
"S00195",3,7,3,4,2
"S00196",1,3,1,8,8
"S00197",4,2,1,3,10
"S00198",4,9,2,4,5
"S00199",2,5,1,2,9
"S00200",2,2,5,1,3
"S00201",3,1,5,8,8
"S00202",3,8,1,7,4
"S00203",3,2,0,10,7
"S00204",0,0,2,2,10
"S00205",1,8,1,8,10
"S00206",1,4,1,10,8
"S00207",3,6,0,3,3
"S00208",2,1,0,7,3
"S00209",1,0,3,1,1
"S00210",4,5,2,3,8
"S00211",0,4,0,9,2
"S00212",2,9,1,4,7
"S00213",0,5,0,1,7
"S00214",4,1,4,6,7
"S00215",1,6,3,1,4
"S00216",0,0,3,10,7
"S00217",0,7,5,1,10
"S00218",0,6,2,2,8
"S00219",4,6,3,3,9
"S00220",2,5,2,2,7
"S00221",2,9,4,8,6
"S00222",4,4,5,6,5
"S00223",0,8,1,1,10
"S00224",0,2,4,6,10
"S00225",3,8,2,1,7
"S00226",1,4,2,9,10
"S00227",1,7,2,3,2
"S00228",2,2,1,1,5
"S00229",4,6,5,1,8
"S00230",0,9,5,2,6
"S00231",1,3,2,6,6
"S00232",4,4,4,1,1
"S00233",4,3,5,7,2
"S00234",0,8,1,4,3
"S00235",4,6,4,7,7
"S00236",1,5,1,4,10
"S00237",3,5,2,4,6
"S00238",1,9,5,4,5
"S00239",3,6,1,10,9
"S00240",4,4,0,10,10
"S00241",1,9,4,8,7
"S00242",0,2,0,2,9
"S00243",4,2,0,8,3
"S00244",0,6,2,10,8
"S00245",3,9,2,1,9
"S00246",2,0,0,7,2
"S00247",2,3,1,7,4
"S00248",3,9,2,6,2
"S00249",2,7,4,4,7
"S00250",4,3,0,5,4
"S00251",4,0,4,1,6
"S00252",1,4,5,2,8
"S00253",4,0,4,10,6
"S00254",2,8,4,7,4
"S00255",0,7,0,2,6
"S00256",1,6,3,8,1
"S00257",0,4,5,7,6
"S00258",2,3,2,10,10
"S00259",0,6,4,8,8
"S00260",2,2,0,4,4
"S00261",4,7,3,1,9
"S00262",1,4,0,7,6
"S00263",3,4,2,1,6
"S00264",2,0,0,7,4
"S00265",4,9,1,9,8
"S00266",0,7,5,5,5
"S00267",4,6,1,2,1
"S00268",0,0,4,1,7
"S00269",0,3,0,8,8
"S00270",0,3,0,4,6
"S00271",0,8,4,8,7
"S00272",1,9,4,2,7
"S00273",0,1,5,3,4
"S00274",1,3,3,3,4
"S00275",3,9,0,4,1
"S00276",1,2,2,9,2
"S00277",0,9,2,9,3
"S00278",3,4,2,5,5
"S00279",4,6,4,7,10
"S00280",1,4,4,9,9
"S00281",4,4,4,1,5
"S00282",3,3,2,2,6
"S00283",1,8,3,6,7
"S00284",0,5,5,3,4
"S00285",1,9,1,7,8
"S00286",0,5,0,5,6
"S00287",2,5,1,10,1
"S00288",1,5,0,8,6
"S00289",1,0,4,1,2
"S00290",4,5,2,9,4
"S00291",4,3,1,10,4
"S00292",3,1,4,6,10
"S00293",0,5,0,5,10
"S00294",4,0,5,8,5
"S00295",3,0,5,4,10
"S00296",0,4,1,9,2
"S00297",0,5,1,5,6
"S00298",0,1,1,1,3
"S00299",2,9,1,8,9
"S00300",0,7,1,9,6
"S00301",3,3,4,5,3
"S00302",0,3,0,5,3
"S00303",0,9,0,6,5
"S00304",3,4,3,9,6
"S00305",1,9,2,5,4
"S00306",0,3,5,2,5
"S00307",3,4,1,3,3
"S00308",4,9,5,10,10
"S00309",3,2,0,3,4
"S00310",2,7,2,9,8
"S00311",4,5,2,8,8
"S00312",1,7,4,6,1
"S00313",1,4,1,5,4
"S00314",3,6,3,10,2
"S00315",3,9,2,2,4
"S00316",0,6,4,9,5
"S00317",0,5,1,10,1
"S00318",2,9,0,8,5
"S00319",0,3,3,5,7
"S00320",3,5,1,6,5
"S00321",3,8,4,9,7
"S00322",0,3,5,1,9
"S00323",2,5,4,4,8
"S00324",3,5,4,5,1
"S00325",2,2,4,9,10
"S00326",3,3,4,5,10
"S00327",2,2,3,5,2
"S00328",2,2,2,3,6
"S00329",2,9,2,8,5
"S00330",0,3,0,7,1
"S00331",1,3,2,8,2
"S00332",2,5,4,4,3
"S00333",2,3,2,8,10
"S00334",3,5,5,10,5
"S00335",1,1,5,4,7
"S00336",3,3,2,1,6
"S00337",3,1,4,4,3
"S00338",2,7,3,5,6
"S00339",4,8,4,10,4
"S00340",1,6,2,8,3
"S00341",3,5,2,10,4
"S00342",4,7,0,6,8
"S00343",4,3,4,10,1
"S00344",3,9,0,5,3
"S00345",2,1,0,3,10
"S00346",0,3,1,4,8
"S00347",3,4,5,6,10
"S00348",2,8,0,6,9
"S00349",1,4,5,6,3
"S00350",2,8,2,2,9
"S00351",4,8,2,8,10
"S00352",1,7,1,8,10
"S00353",1,4,1,6,4
"S00354",0,1,4,4,4
"S00355",0,4,1,2,7
"S00356",3,0,3,6,6
"S00357",2,7,2,6,10
"S00358",3,1,2,10,3
"S00359",0,6,5,3,8
"S00360",4,1,1,2,5
"S00361",0,4,5,4,2
"S00362",2,9,1,8,10
"S00363",4,6,2,5,3
"S00364",3,5,1,3,7
"S00365",3,4,4,5,10
"S00366",0,5,1,9,9
"S00367",0,1,1,8,1
"S00368",3,9,4,10,6
"S00369",3,0,4,7,9
"S00370",1,0,4,4,7
"S00371",2,7,5,2,3
"S00372",1,2,2,9,7
"S00373",1,2,1,3,2
"S00374",3,8,4,6,10
"S00375",2,5,4,7,2
"S00376",3,3,2,3,1
"S00377",1,3,3,3,3
"S00378",1,6,1,3,1
"S00379",3,5,3,3,8
"S00380",0,1,3,3,8
"S00381",0,8,4,7,4
"S00382",3,1,5,5,1
"S00383",4,7,2,4,2
"S00384",4,3,1,6,2
"S00385",0,9,1,8,2
"S00386",2,0,1,2,9
"S00387",1,0,5,3,7
"S00388",2,8,3,2,9
"S00389",0,3,0,7,10
"S00390",3,0,2,2,10
"S00391",4,2,0,5,2
"S00392",0,2,3,10,5
"S00393",2,6,4,9,1
"S00394",2,5,0,8,2
"S00395",0,7,0,8,4
"S00396",1,6,2,3,10
"S00397",2,0,3,1,1
"S00398",1,2,2,2,8
"S00399",1,8,4,7,6
"S00400",3,3,5,4,1
"S00401",0,2,5,10,9
"S00402",0,4,5,5,1
"S00403",1,7,1,1,4
"S00404",3,0,5,2,5
"S00405",2,1,5,9,9
"S00406",2,6,3,6,2
"S00407",0,0,5,7,9
"S00408",1,4,5,5,1
"S00409",3,9,4,9,4
"S00410",3,7,4,10,7
"S00411",2,5,0,5,4
"S00412",2,2,2,6,8
"S00413",4,6,0,10,7
"S00414",4,2,0,9,6
"S00415",1,4,1,5,5
"S00416",4,6,2,4,10
"S00417",3,1,1,5,3
"S00418",4,9,5,5,8
"S00419",0,3,4,5,4
"S00420",0,1,5,1,8
"S00421",2,6,1,5,1
"S00422",2,2,4,5,2
"S00423",1,8,0,1,2
"S00424",0,5,5,4,6
"S00425",1,0,1,8,5
"S00426",1,9,5,4,10
"S00427",4,7,2,7,10
"S00428",2,6,1,6,7
"S00429",1,0,4,5,2
"S00430",1,2,3,9,9
"S00431",2,2,5,8,2
"S00432",2,2,5,5,1
"S00433",0,6,2,10,2
"S00434",2,5,4,7,3
"S00435",4,1,5,9,6
"S00436",0,4,3,7,7
"S00437",1,5,5,3,6
"S00438",4,1,2,10,1
"S00439",4,0,3,5,9
"S00440",0,3,0,9,8
"S00441",1,3,0,9,2
"S00442",0,3,5,8,1
"S00443",3,0,1,6,7
"S00444",3,2,1,7,3
"S00445",0,6,1,7,3
"S00446",1,3,1,1,10
"S00447",1,1,5,8,9
"S00448",2,7,3,6,2
"S00449",4,0,2,7,5
"S00450",0,8,2,10,4
"S00451",4,4,1,10,1
"S00452",4,1,0,2,6
"S00453",3,3,4,7,6
"S00454",3,2,1,8,1
"S00455",0,6,1,5,7
"S00456",0,5,5,1,6
"S00457",1,8,0,6,4
"S00458",0,3,4,3,7
"S00459",1,2,3,5,3
"S00460",1,6,3,9,10
"S00461",0,5,4,7,6
"S00462",1,4,4,8,6
"S00463",4,9,3,6,10
"S00464",1,6,1,9,6
"S00465",4,4,1,3,3
"S00466",4,8,5,1,10
"S00467",4,3,0,10,5
"S00468",2,0,4,4,1
"S00469",2,9,1,8,6
"S00470",1,4,1,6,7
"S00471",0,0,0,7,5
"S00472",1,0,4,9,5
"S00473",2,0,0,2,6
"S00474",3,0,0,7,7
"S00475",3,7,3,4,4
"S00476",1,1,0,7,7
"S00477",2,8,4,8,5
"S00478",4,6,1,2,7
"S00479",2,2,1,7,1
"S00480",1,8,3,8,10
"S00481",2,3,4,1,2
"S00482",3,6,1,10,2
"S00483",4,2,0,5,7
"S00484",1,4,2,9,9
"S00485",1,3,2,2,7
"S00486",0,5,2,6,6
"S00487",4,8,2,2,3
"S00488",1,4,0,3,5
"S00489",2,0,1,6,10
"S00490",2,4,3,5,2
"S00491",2,4,0,4,9
"S00492",2,8,1,7,6
"S00493",1,7,4,3,9
"S00494",3,4,1,10,9
"S00495",4,4,1,7,7
"S00496",2,1,1,9,5
"S00497",1,8,0,2,4
"S00498",1,3,1,5,1
"S00499",2,6,1,1,9
"S00500",0,9,4,7,6
"S00501",1,5,4,2,2
"S00502",4,4,2,5,7
"S00503",4,4,5,1,6
"S00504",0,6,0,1,4
"S00505",1,1,1,4,6
"S00506",0,8,2,7,6
"S00507",1,1,2,7,5
"S00508",1,8,0,8,1
"S00509",0,3,5,9,3
"S00510",3,9,2,4,7
"S00511",2,9,2,2,2
"S00512",2,5,0,10,10
"S00513",2,0,3,10,10
"S00514",0,4,2,3,1
"S00515",1,5,4,9,8
"S00516",1,8,2,8,7
"S00517",4,8,0,6,6
"S00518",1,8,0,3,10
"S00519",3,2,5,10,5
"S00520",2,3,3,8,6
"S00521",3,7,3,2,1
"S00522",2,7,5,4,9
"S00523",0,1,5,4,1
"S00524",3,7,4,9,4
"S00525",1,6,4,8,3
"S00526",2,8,2,7,4
"S00527",4,4,3,4,1
"S00528",3,1,4,7,10
"S00529",0,4,2,1,4
"S00530",4,1,1,8,4
"S00531",0,4,2,8,3
"S00532",2,8,4,9,8
"S00533",3,6,2,9,7
"S00534",0,6,1,1,9
"S00535",4,0,4,10,2
"S00536",4,8,2,7,10
"S00537",1,5,4,1,3
"S00538",0,6,5,6,6
"S00539",3,1,5,5,2
"S00540",3,0,2,2,2
"S00541",1,3,0,3,10
"S00542",4,8,4,8,2
"S00543",0,8,4,2,2
"S00544",4,2,5,4,5
"S00545",0,0,5,3,1
"S00546",0,1,4,7,7
"S00547",0,8,4,8,1
"S00548",4,8,5,4,1
"S00549",4,0,2,6,5
"S00550",4,8,3,3,7
"S00551",2,0,2,7,3
"S00552",4,9,1,8,7
"S00553",1,3,0,7,9
"S00554",2,4,2,4,4
"S00555",0,7,2,10,5
"S00556",3,4,4,9,8
"S00557",2,4,1,10,9
"S00558",2,3,4,8,5
"S00559",0,8,5,6,5
"S00560",4,7,4,2,2
"S00561",4,8,3,10,9
"S00562",2,6,0,7,6
"S00563",4,6,3,9,5
"S00564",2,4,4,9,5
"S00565",3,9,0,9,4
"S00566",3,0,2,9,1
"S00567",0,5,1,6,6
"S00568",1,9,3,1,1
"S00569",1,5,1,6,10
"S00570",4,9,4,5,2
"S00571",1,3,0,7,7
"S00572",3,1,5,8,1
"S00573",0,0,2,1,8
"S00574",3,2,0,10,8
"S00575",2,8,5,4,7
"S00576",4,0,1,4,7
"S00577",4,4,1,1,1
"S00578",1,9,2,4,3
"S00579",2,5,5,7,9
"S00580",1,8,5,6,5
"S00581",1,0,2,4,5
"S00582",1,4,0,2,7
"S00583",2,0,3,7,10
"S00584",1,1,0,8,8
"S00585",4,1,1,9,6
"S00586",1,4,0,9,5
"S00587",2,9,4,4,1
"S00588",2,3,0,3,10
"S00589",3,5,0,5,10
"S00590",1,4,5,6,10
"S00591",2,1,4,8,9
"S00592",1,8,1,3,6
"S00593",0,9,2,6,3
"S00594",4,7,0,5,10
"S00595",4,8,3,7,7
"S00596",1,5,5,9,4
"S00597",4,4,5,7,3
"S00598",4,4,2,6,7
"S00599",0,1,3,9,6
"S00600",4,3,0,10,4
"S00601",4,1,3,4,10
"S00602",2,1,5,1,8
"S00603",4,7,2,8,2
"S00604",1,3,3,6,6
"S00605",4,3,3,6,3
"S00606",1,6,2,5,8
"S00607",4,3,2,10,8
"S00608",1,8,2,3,1
"S00609",4,8,5,6,2
"S00610",1,2,2,1,4
"S00611",4,5,4,7,1
"S00612",0,6,0,6,3
"S00613",2,2,5,5,4
"S00614",2,3,2,3,10
"S00615",2,0,1,8,3
"S00616",2,8,3,4,5
"S00617",0,6,2,9,10
"S00618",0,9,2,9,7
"S00619",4,6,0,5,8
"S00620",0,8,2,7,8
"S00621",2,5,5,6,2
"S00622",3,7,4,6,1
"S00623",4,4,1,4,6
"S00624",1,7,1,10,1
"S00625",2,9,2,8,6
"S00626",2,0,0,10,7
"S00627",2,2,5,3,9
"S00628",0,3,5,5,10
"S00629",1,8,2,1,10
"S00630",4,7,3,1,1
"S00631",2,7,5,9,7
"S00632",1,1,5,4,4
"S00633",3,6,5,9,9
"S00634",0,2,1,7,4
"S00635",2,5,5,10,2
"S00636",1,3,3,8,1
"S00637",1,5,4,9,7
"S00638",2,3,1,1,7
"S00639",1,2,1,7,3
"S00640",1,1,4,8,5
"S00641",4,3,3,2,10
"S00642",0,9,2,10,7
"S00643",4,1,0,9,8
"S00644",0,6,3,1,9
"S00645",0,0,4,3,10
"S00646",4,0,5,9,10
"S00647",2,4,5,1,1
"S00648",1,6,4,4,9
"S00649",3,0,5,10,6
"S00650",4,3,4,6,6
"S00651",4,4,1,6,7
"S00652",2,1,2,4,9
"S00653",1,6,1,10,7
"S00654",4,3,1,10,7
"S00655",3,7,1,10,3
"S00656",1,0,4,10,10
"S00657",4,9,3,1,9
"S00658",4,0,0,5,4
"S00659",0,0,0,5,6
"S00660",0,3,2,3,7
"S00661",4,0,2,3,9
"S00662",2,4,4,4,10
"S00663",0,5,0,3,3
"S00664",4,6,3,3,2
"S00665",1,7,4,3,2
"S00666",3,7,2,7,2
"S00667",0,1,4,9,9
"S00668",4,3,2,1,8
"S00669",0,6,0,8,9
"S00670",1,8,4,10,9
"S00671",2,8,1,1,1
"S00672",4,2,5,9,10
"S00673",1,6,2,8,10
"S00674",3,3,1,6,9
"S00675",4,8,2,6,1
"S00676",3,6,1,10,5
"S00677",2,5,0,7,4
"S00678",4,8,0,8,8
"S00679",4,6,3,7,5
"S00680",1,7,3,1,9
"S00681",0,4,3,10,1
"S00682",4,3,4,4,8
"S00683",2,0,2,4,6
"S00684",4,7,4,9,1
"S00685",4,5,3,9,2
"S00686",4,3,2,3,4
"S00687",4,2,4,9,5
"S00688",2,4,0,5,1
"S00689",1,3,2,6,10
"S00690",0,6,3,7,7
"S00691",2,5,0,3,4
"S00692",2,2,2,4,1
"S00693",3,9,4,5,6
"S00694",0,0,5,1,9
"S00695",1,6,5,8,9
"S00696",1,4,3,7,4
"S00697",3,0,4,2,7
"S00698",3,0,0,7,10
"S00699",2,5,0,9,1
"S00700",1,3,0,5,10
"S00701",1,7,2,6,9
"S00702",1,1,3,5,1
"S00703",2,3,5,1,9
"S00704",1,7,0,6,6
"S00705",4,7,4,7,10
"S00706",3,4,3,5,7
"S00707",3,2,5,3,4
"S00708",3,3,4,6,9
"S00709",3,2,4,7,6
"S00710",4,1,0,10,6
"S00711",0,3,3,10,10
"S00712",1,8,1,9,6
"S00713",3,5,2,7,4
"S00714",1,3,1,3,7
"S00715",1,0,2,1,2
"S00716",4,6,3,7,2
"S00717",1,1,5,8,6
"S00718",3,5,0,1,9
"S00719",1,9,3,5,3
"S00720",4,0,1,8,7
"S00721",3,6,4,10,9
"S00722",4,3,2,7,9
"S00723",2,2,2,2,3
"S00724",0,9,1,4,1
"S00725",1,6,0,6,2
"S00726",1,2,3,7,8
"S00727",1,7,1,7,7
"S00728",2,3,3,3,1
"S00729",0,2,0,8,3
"S00730",4,6,4,7,8
"S00731",2,6,3,4,7
"S00732",2,8,0,10,5
"S00733",3,9,1,4,3
"S00734",2,6,5,4,7
"S00735",2,5,4,5,5
"S00736",1,2,4,2,1
"S00737",3,3,4,9,5
"S00738",4,7,2,6,3
"S00739",0,5,5,8,2
"S00740",4,8,0,1,3
"S00741",3,7,3,6,10
"S00742",1,7,1,6,4
"S00743",0,9,4,8,1
"S00744",4,9,4,1,4
"S00745",0,6,4,5,9
"S00746",0,9,0,3,1
"S00747",0,0,1,6,7
"S00748",2,4,0,9,8
"S00749",3,6,1,10,9
"S00750",3,9,3,3,7
"S00751",1,8,2,9,9
"S00752",4,3,1,9,10
"S00753",1,7,5,1,3
"S00754",4,0,0,2,1
"S00755",0,3,0,4,2
"S00756",4,3,0,7,10
"S00757",4,1,2,2,1
"S00758",0,2,1,7,2
"S00759",1,2,1,5,9
"S00760",4,8,1,10,5
"S00761",1,6,1,7,4
"S00762",1,1,4,9,2
"S00763",3,8,4,9,3
"S00764",0,7,5,3,9
"S00765",0,5,0,3,3
"S00766",2,5,4,7,8
"S00767",1,1,1,5,1
"S00768",2,2,1,5,5
"S00769",0,5,4,5,2
"S00770",0,2,3,9,4
"S00771",2,6,5,4,2
"S00772",0,4,0,6,3
"S00773",0,3,2,6,5
"S00774",3,7,5,7,2
"S00775",4,1,0,2,9
"S00776",3,2,0,6,8
"S00777",4,9,0,9,5
"S00778",3,3,5,3,1
"S00779",3,9,5,2,5
"S00780",1,5,4,8,4
"S00781",2,4,0,1,9
"S00782",3,4,1,8,2
"S00783",1,6,0,5,7
"S00784",3,7,1,9,2
"S00785",2,5,4,9,3
"S00786",1,2,4,4,3
"S00787",4,3,0,1,10
"S00788",2,0,5,5,8
"S00789",0,4,1,7,2
"S00790",1,9,1,9,1
"S00791",0,7,1,10,6
"S00792",1,2,1,9,6
"S00793",4,9,2,9,1
"S00794",1,3,4,6,5
"S00795",3,3,1,2,9
"S00796",0,5,2,5,10
"S00797",0,8,2,3,10
"S00798",1,9,4,6,5
"S00799",3,2,3,5,7
"S00800",3,3,0,10,6
"S00801",1,5,4,1,10
"S00802",2,5,3,10,4
"S00803",4,6,5,10,2
"S00804",1,0,0,2,10
"S00805",3,8,0,5,5
"S00806",4,1,0,6,10
"S00807",1,3,2,1,9
"S00808",4,2,1,7,3
"S00809",2,2,0,3,3
"S00810",3,4,1,1,7
"S00811",2,6,0,7,10
"S00812",2,6,2,7,2
"S00813",3,6,5,10,8
"S00814",2,2,0,3,7
"S00815",1,8,4,6,8
"S00816",1,5,3,4,10
"S00817",4,9,0,4,6
"S00818",1,7,3,9,5
"S00819",1,0,3,7,4
"S00820",4,3,2,6,8
"S00821",0,6,5,9,2
"S00822",3,8,3,3,6
"S00823",1,2,2,4,10
"S00824",4,5,5,9,6
"S00825",2,7,0,4,5
"S00826",2,2,1,7,2
"S00827",1,5,2,9,5
"S00828",3,8,3,4,3
"S00829",4,8,3,9,7
"S00830",4,5,0,7,7
"S00831",4,4,2,4,8
"S00832",4,0,0,3,10
"S00833",4,2,2,6,9
"S00834",3,2,1,3,1
"S00835",4,3,4,7,4
"S00836",3,4,0,1,6
"S00837",3,7,3,7,7
"S00838",3,8,0,3,5
"S00839",2,6,2,9,6
"S00840",0,9,0,6,1
"S00841",1,5,1,7,5
"S00842",2,2,2,9,2
"S00843",0,8,5,6,2
"S00844",2,9,3,10,1
"S00845",3,0,3,2,10
"S00846",3,8,2,6,9
"S00847",4,2,5,6,4
"S00848",3,8,1,2,4
"S00849",2,9,0,7,9
"S00850",1,0,4,9,5
"S00851",3,7,3,10,4
"S00852",0,5,1,4,7
"S00853",2,8,1,5,5
"S00854",0,3,1,6,8
"S00855",4,4,0,1,3
"S00856",4,5,1,8,8
"S00857",1,8,1,9,6
"S00858",2,5,2,1,9
"S00859",1,8,2,4,6
"S00860",0,1,1,6,4
"S00861",1,3,1,10,2
"S00862",0,2,2,1,3
"S00863",1,3,0,3,7
"S00864",4,0,2,7,10
"S00865",2,1,2,8,5
"S00866",1,3,2,8,7
"S00867",0,9,2,5,7
"S00868",2,3,4,1,6
"S00869",4,4,3,1,2
"S00870",4,8,0,8,5
"S00871",3,0,5,5,10
"S00872",2,7,0,9,6
"S00873",1,2,1,1,8
"S00874",4,8,4,2,1
"S00875",1,7,1,4,10
"S00876",1,7,0,10,7
"S00877",0,8,0,7,5
"S00878",1,3,5,4,7
"S00879",3,4,5,8,3
"S00880",2,6,1,7,4
"S00881",2,1,3,5,2
"S00882",0,6,1,7,6
"S00883",3,2,3,8,5
"S00884",3,5,3,3,1
"S00885",2,5,2,3,1
"S00886",3,5,0,2,8
"S00887",4,9,2,4,8
"S00888",1,1,0,4,6
"S00889",1,8,2,4,9
"S00890",2,7,3,2,1
"S00891",2,6,2,7,10
"S00892",3,8,4,10,8
"S00893",0,3,2,3,2
"S00894",2,1,5,10,8
"S00895",2,3,5,1,3
"S00896",2,9,2,2,6
"S00897",3,2,2,5,7
"S00898",4,1,4,9,3
"S00899",2,1,0,4,2
"S00900",4,7,2,6,1
"S00901",3,4,0,3,5
"S00902",0,5,5,9,1
"S00903",1,7,1,2,1
"S00904",1,6,3,8,5
"S00905",1,6,1,3,3
"S00906",1,6,4,8,10
"S00907",3,6,4,3,3
"S00908",1,7,0,4,7
"S00909",3,0,0,8,3
"S00910",0,2,2,10,2
"S00911",2,0,1,4,3
"S00912",2,7,0,9,4
"S00913",2,1,5,9,9
"S00914",3,6,0,6,2
"S00915",3,5,5,1,6
"S00916",3,0,0,9,5
"S00917",0,5,3,9,6
"S00918",4,8,0,7,5
"S00919",3,2,3,9,6
"S00920",3,6,4,8,4
"S00921",2,3,2,9,8
"S00922",1,0,1,9,9
"S00923",1,6,0,7,10
"S00924",0,0,3,6,7
"S00925",1,3,0,2,1
"S00926",4,8,0,7,5
"S00927",2,4,3,1,7
"S00928",0,6,0,6,5
"S00929",1,6,1,6,5
"S00930",1,2,5,7,5
"S00931",2,7,5,2,5
"S00932",0,0,5,4,5
"S00933",2,3,5,2,1
"S00934",0,9,4,4,6
"S00935",1,3,2,3,6
"S00936",2,1,0,2,8
"S00937",2,5,3,2,5
"S00938",4,0,1,3,2
"S00939",2,2,0,10,7
"S00940",0,8,4,4,1
"S00941",4,9,4,7,5
"S00942",2,5,3,4,5
"S00943",2,1,0,7,3
"S00944",4,8,5,4,2
"S00945",1,1,0,3,4
"S00946",2,6,0,8,7
"S00947",3,0,4,3,10
"S00948",1,4,0,8,3
"S00949",2,6,5,2,6
"S00950",1,2,0,3,7
"S00951",0,3,0,4,2
"S00952",1,4,0,3,3
"S00953",4,2,5,6,9
"S00954",2,5,5,9,1
"S00955",1,2,3,10,8
"S00956",3,7,4,8,1
"S00957",0,6,2,4,3
"S00958",0,0,3,2,6
"S00959",1,1,5,10,8
"S00960",4,3,0,1,7
"S00961",0,4,2,4,3
"S00962",1,9,1,5,6
"S00963",1,3,2,2,1
"S00964",0,3,3,3,8
"S00965",1,8,4,4,9
"S00966",1,3,3,3,9
"S00967",3,3,4,8,4
"S00968",1,3,4,2,4
"S00969",1,1,5,9,7
"S00970",4,7,4,6,7
"S00971",0,3,1,1,6
"S00972",4,4,2,8,7
"S00973",2,7,3,10,1
"S00974",4,3,3,6,9
"S00975",2,4,4,4,6
"S00976",2,4,5,6,8
"S00977",4,5,1,2,5
"S00978",3,6,1,1,7
"S00979",4,2,0,6,3
"S00980",0,9,1,8,10
"S00981",4,2,4,5,1
"S00982",3,8,4,8,7
"S00983",4,0,2,3,5
"S00984",3,9,4,6,1
"S00985",0,7,2,1,9
"S00986",1,9,1,3,9
"S00987",3,2,0,4,6
"S00988",3,4,5,5,9
"S00989",3,2,3,3,7
"S00990",0,9,4,8,8
"S00991",2,0,1,5,2
"S00992",3,9,4,7,2
"S00993",0,4,2,5,4
"S00994",1,7,1,8,1
"S00995",3,4,3,1,8
"S00996",2,3,2,3,5
"S00997",0,8,1,3,7
"S00998",1,0,5,10,2
"S00999",2,4,5,10,5
"S01000",1,0,3,3,9
"S01001",2,5,5,6,9
"S01002",4,9,2,9,2
"S01003",4,8,3,6,2
"S01004",4,1,1,5,5
"S01005",1,3,2,1,3
"S01006",4,7,5,2,1
"S01007",0,2,0,1,1
"S01008",0,6,4,6,5
"S01009",4,6,5,3,3
"S01010",2,1,0,5,9
"S01011",2,9,3,6,3
"S01012",1,3,1,5,3
"S01013",2,0,4,3,3
"S01014",3,7,1,2,1
"S01015",2,9,3,2,3
"S01016",0,9,1,2,5
"S01017",2,8,2,10,8
"S01018",1,0,2,4,7
"S01019",2,6,5,4,4
"S01020",1,0,5,3,4
"S01021",3,0,5,8,4
"S01022",4,8,5,4,8
"S01023",3,9,3,8,8
"S01024",0,9,1,3,2
"S01025",3,5,5,2,7
"S01026",3,0,3,8,5
"S01027",0,6,4,6,2
"S01028",0,2,5,2,3
"S01029",4,9,1,7,7
"S01030",4,3,2,10,6
"S01031",2,3,0,7,6
"S01032",1,7,2,4,7
"S01033",0,0,1,8,6
"S01034",3,7,1,3,2
"S01035",3,8,1,9,8
"S01036",4,6,1,5,7
"S01037",1,0,5,3,6
"S01038",0,6,4,9,5
"S01039",4,5,0,2,6
"S01040",1,4,5,2,3
"S01041",0,4,2,3,2
"S01042",3,0,4,9,9
"S01043",3,5,3,10,1
"S01044",4,3,1,3,2
"S01045",1,0,2,5,10
"S01046",3,7,3,9,10
"S01047",1,7,0,10,1
"S01048",4,3,2,6,8
"S01049",2,6,4,6,4
"S01050",1,2,5,1,6
"S01051",1,7,3,2,5
"S01052",4,6,2,9,8
"S01053",2,4,5,8,10
"S01054",3,4,5,2,7
"S01055",0,8,5,5,1
"S01056",4,5,4,5,8
"S01057",0,5,1,6,4
"S01058",2,1,2,4,7
"S01059",2,4,5,9,3
"S01060",1,3,1,5,2
"S01061",0,9,5,4,1
"S01062",0,2,3,9,10
"S01063",2,8,3,2,5
"S01064",0,6,3,2,3
"S01065",3,3,1,3,3
"S01066",2,8,1,10,8
"S01067",1,8,5,4,1
"S01068",1,6,4,10,2
"S01069",1,4,2,9,1
"S01070",0,8,4,5,7
"S01071",2,6,1,2,4
"S01072",1,8,2,3,3
"S01073",2,2,3,8,3
"S01074",0,8,4,6,10
"S01075",3,0,4,5,3
"S01076",3,4,4,4,2
"S01077",3,1,1,4,5
"S01078",0,0,2,8,1
"S01079",1,2,3,6,5
"S01080",0,6,1,5,10
"S01081",2,2,3,5,8
"S01082",3,9,0,6,7
"S01083",2,9,0,3,3
"S01084",0,8,3,7,9
"S01085",4,2,0,1,10
"S01086",4,5,2,5,7
"S01087",0,1,2,6,1
"S01088",1,7,1,2,6
"S01089",2,9,3,2,4
"S01090",0,4,1,9,6
"S01091",0,1,2,2,3
"S01092",4,6,2,3,5
"S01093",3,2,2,1,3
"S01094",3,4,4,9,7
"S01095",1,8,0,1,5
"S01096",1,0,1,4,4
"S01097",1,1,1,7,10
"S01098",4,4,2,2,7
"S01099",0,3,4,8,7
"S01100",1,0,1,8,10
"S01101",4,6,5,3,9
"S01102",2,8,1,4,3
"S01103",0,0,4,7,10
"S01104",2,7,2,5,8
"S01105",3,8,4,5,7
"S01106",3,1,0,2,9
"S01107",0,0,1,6,2
"S01108",1,5,0,4,6
"S01109",0,6,1,5,5
"S01110",1,1,0,5,3
"S01111",3,4,1,2,7
"S01112",0,4,5,8,5
"S01113",0,6,2,1,6
"S01114",1,0,5,2,4
"S01115",3,9,3,7,7
"S01116",3,7,4,7,7
"S01117",1,4,1,2,5
"S01118",1,2,4,1,7
"S01119",1,8,1,10,7
"S01120",3,2,3,1,10
"S01121",3,6,2,1,8
"S01122",0,9,2,6,1
"S01123",3,6,4,10,4
"S01124",2,9,5,7,1
"S01125",2,7,3,2,3
"S01126",1,9,4,6,8
"S01127",1,7,2,4,7
"S01128",1,3,0,9,3
"S01129",0,0,4,8,4
"S01130",2,3,1,8,2
"S01131",2,5,2,2,2
"S01132",3,9,1,5,5
"S01133",2,5,3,2,2
"S01134",3,5,5,3,7
"S01135",0,6,5,8,1
"S01136",1,0,2,5,9
"S01137",1,9,2,4,10
"S01138",3,0,5,5,1
"S01139",4,6,4,8,1
"S01140",3,3,5,10,9
"S01141",0,5,5,7,7
"S01142",2,5,4,6,10
"S01143",3,8,1,2,4
"S01144",0,1,4,10,3
"S01145",1,3,0,5,5
"S01146",4,3,2,10,2
"S01147",4,6,5,9,6
"S01148",3,0,3,9,6
"S01149",2,4,2,9,1
"S01150",3,3,5,3,10
"S01151",4,1,1,9,9
"S01152",4,4,5,9,1
"S01153",1,8,4,5,6
"S01154",2,7,2,6,7
"S01155",2,8,4,7,8
"S01156",4,6,5,10,2
"S01157",4,9,1,10,8
"S01158",3,6,4,10,10
"S01159",3,1,3,6,2
"S01160",1,2,5,5,2
"S01161",4,9,1,1,9
"S01162",3,7,2,4,7
"S01163",1,1,2,8,8
"S01164",2,6,3,8,1
"S01165",4,5,0,6,10
"S01166",0,9,4,3,6
"S01167",4,3,5,8,1
"S01168",3,3,2,7,5
"S01169",4,2,5,9,2
"S01170",0,5,3,3,9
"S01171",4,2,4,6,3
"S01172",3,8,1,1,10
"S01173",2,3,5,8,7
"S01174",3,3,3,2,2
"S01175",1,1,1,5,10
"S01176",3,1,1,6,4
"S01177",1,6,1,4,10
"S01178",4,4,4,9,3
"S01179",1,2,0,3,1
"S01180",4,5,5,2,10
"S01181",1,5,1,3,6
"S01182",3,0,2,5,5
"S01183",0,2,4,1,6
"S01184",4,4,4,10,1
"S01185",1,6,1,4,8
"S01186",0,3,2,1,4
"S01187",1,7,3,9,7
"S01188",1,2,4,3,8
"S01189",1,5,1,2,3
"S01190",3,5,5,5,4
"S01191",1,8,1,1,9
"S01192",0,3,5,10,9
"S01193",1,6,5,7,7
"S01194",2,9,0,9,3
"S01195",4,0,0,1,4
"S01196",3,0,3,8,7
"S01197",2,1,3,8,6
"S01198",2,3,5,7,6
"S01199",0,5,3,10,4
"S01200",0,3,3,4,10
"S01201",3,5,1,7,8
"S01202",3,1,1,2,9
"S01203",4,8,1,6,10
"S01204",1,2,2,5,7
"S01205",3,6,5,5,8
"S01206",3,0,3,8,10
"S01207",1,7,2,1,2
"S01208",4,3,4,8,4
"S01209",0,4,5,4,3
"S01210",4,6,4,10,6
"S01211",1,2,1,6,2
"S01212",0,8,4,6,7
"S01213",0,8,1,1,8
"S01214",0,7,5,8,4
"S01215",4,0,5,4,8
"S01216",1,1,3,9,8
"S01217",4,1,2,7,3
"S01218",4,2,1,4,1
"S01219",2,1,0,1,3
"S01220",3,0,0,9,10
"S01221",4,4,3,10,1
"S01222",2,5,2,6,2
"S01223",1,6,1,6,8
"S01224",2,9,3,1,4
"S01225",4,6,2,5,9
"S01226",1,1,0,4,7
"S01227",2,6,1,1,3
"S01228",4,1,2,7,1
"S01229",1,1,4,4,1
"S01230",1,5,1,3,1
"S01231",3,5,4,2,10
"S01232",4,7,5,8,3
"S01233",3,4,5,5,5
"S01234",1,4,5,10,8
"S01235",1,9,3,9,8
"S01236",2,0,2,5,2
"S01237",3,3,5,10,9
"S01238",0,0,2,1,9
"S01239",4,9,2,10,7
"S01240",3,4,2,5,10
"S01241",1,7,1,5,5
"S01242",2,0,4,8,5
"S01243",4,2,4,6,8
"S01244",4,0,3,5,8
"S01245",2,5,5,8,5
"S01246",1,9,3,1,6
"S01247",0,0,2,5,6
"S01248",2,9,0,3,6
"S01249",0,2,0,5,5
"S01250",3,4,2,3,9
"S01251",4,4,5,4,1
"S01252",1,1,4,9,10
"S01253",0,2,3,2,3
"S01254",1,8,1,10,7
"S01255",3,0,0,1,9
"S01256",0,0,3,4,2
"S01257",1,1,0,8,4
"S01258",1,7,4,5,8
"S01259",3,5,4,9,5
"S01260",2,3,2,10,8
"S01261",3,6,2,3,2
"S01262",0,5,0,9,8
"S01263",0,8,0,1,6
"S01264",4,5,3,2,5
"S01265",1,1,2,9,2
"S01266",0,2,4,9,7
"S01267",2,8,5,10,1
"S01268",2,6,3,5,6
"S01269",3,5,3,10,3
"S01270",0,4,1,4,6
"S01271",0,2,5,9,1
"S01272",4,3,4,10,1
"S01273",4,0,3,2,2
"S01274",4,4,5,3,10
"S01275",0,6,1,8,7
"S01276",3,1,5,1,4
"S01277",3,7,2,2,4
"S01278",3,9,4,5,4
"S01279",3,5,2,7,5
"S01280",2,9,1,10,2
"S01281",0,2,4,9,7
"S01282",1,1,0,3,3
"S01283",0,7,0,4,3
"S01284",3,3,0,10,2
"S01285",2,6,5,1,6
"S01286",2,6,3,1,4
"S01287",0,9,5,1,4
"S01288",1,8,5,4,8
"S01289",3,9,5,9,2
"S01290",2,7,5,8,7
"S01291",3,7,0,4,2
"S01292",3,6,3,8,6
"S01293",3,9,3,7,5
"S01294",4,4,1,6,8
"S01295",3,8,0,10,6
"S01296",3,6,4,2,7
"S01297",1,2,5,3,6
"S01298",1,5,3,4,8
"S01299",4,2,1,7,2
"S01300",4,5,3,8,7
"S01301",3,7,4,8,5
"S01302",2,8,4,4,9
"S01303",2,1,0,9,9
"S01304",0,5,3,8,8
"S01305",2,2,4,5,8
"S01306",2,6,2,3,4
"S01307",1,3,4,2,8
"S01308",0,4,4,9,2
"S01309",0,9,3,1,5
"S01310",1,5,5,7,4
"S01311",2,7,4,7,5
"S01312",2,1,1,1,5
"S01313",0,3,5,7,5
"S01314",2,3,4,1,7
"S01315",0,5,2,2,1
"S01316",2,3,4,9,2
"S01317",3,4,0,8,7
"S01318",1,4,3,9,1
"S01319",4,7,2,9,9
"S01320",3,3,1,4,3
"S01321",2,5,4,5,6
"S01322",4,6,4,10,4
"S01323",3,7,1,7,3
"S01324",1,8,4,6,8
"S01325",4,9,0,9,2
"S01326",4,7,5,2,3
"S01327",1,3,5,8,8
"S01328",3,3,2,2,3
"S01329",4,9,4,2,8
"S01330",1,4,1,3,7
"S01331",3,2,1,4,2
"S01332",2,1,2,6,1
"S01333",0,1,0,6,1
"S01334",2,8,2,2,2
"S01335",2,7,4,6,7
"S01336",0,5,5,8,9
"S01337",2,8,0,5,7
"S01338",2,4,0,1,3
"S01339",1,9,1,8,8
"S01340",1,0,0,6,8
"S01341",3,7,4,2,9
"S01342",4,2,4,7,9
"S01343",3,8,4,8,9
"S01344",1,0,5,2,4
"S01345",1,2,3,1,10
"S01346",0,0,0,6,4
"S01347",0,0,0,6,2
"S01348",1,5,4,8,8
"S01349",2,3,1,7,2
"S01350",3,9,5,8,3
"S01351",1,3,0,10,9
"S01352",1,4,3,10,2
"S01353",0,2,0,5,1
"S01354",3,1,2,2,5
"S01355",3,9,3,5,7
"S01356",4,7,1,2,4
"S01357",1,6,3,9,4
"S01358",4,9,3,5,3
"S01359",0,3,0,1,6
"S01360",4,1,3,9,8
"S01361",2,8,4,10,2
"S01362",1,7,5,5,6
"S01363",1,3,3,1,8
"S01364",3,4,0,9,1
"S01365",4,9,4,9,4
"S01366",3,5,1,10,1
"S01367",4,3,2,10,4
"S01368",4,1,3,9,9
"S01369",0,4,4,6,6
"S01370",4,0,4,10,6
"S01371",3,6,1,10,5
"S01372",4,8,1,2,3
"S01373",4,2,2,7,2
"S01374",1,5,2,2,9
"S01375",1,8,0,4,9
"S01376",1,3,2,4,7
"S01377",2,5,2,10,2
"S01378",1,2,4,7,4
"S01379",2,8,3,6,8
"S01380",2,6,3,10,10
"S01381",3,6,5,7,6
"S01382",1,3,2,6,5
"S01383",4,5,5,1,10
"S01384",0,7,5,4,2
"S01385",4,5,0,3,1
"S01386",1,5,0,7,1
"S01387",4,3,3,7,1
"S01388",1,7,1,4,6
"S01389",1,9,4,7,4
"S01390",4,7,2,4,9
"S01391",2,8,4,9,9
"S01392",3,5,2,3,3
"S01393",3,1,2,10,6
"S01394",3,3,5,2,6
"S01395",3,3,3,5,10
"S01396",0,7,4,9,10
"S01397",1,4,4,3,1
"S01398",0,3,1,1,9
"S01399",3,7,1,9,4
"S01400",3,2,4,5,6
"S01401",4,1,1,2,10
"S01402",3,3,1,6,8
"S01403",1,0,2,3,1
"S01404",3,0,3,9,8
"S01405",3,4,2,3,6
"S01406",0,0,5,2,1
"S01407",1,3,1,3,9
"S01408",2,7,2,6,9
"S01409",4,7,2,3,10
"S01410",2,1,0,9,8
"S01411",0,2,2,9,7
"S01412",3,2,2,9,1
"S01413",4,0,3,2,1
"S01414",1,2,4,7,8
"S01415",4,7,0,2,10
"S01416",0,5,0,1,8
"S01417",3,4,0,5,1
"S01418",0,9,5,8,8
"S01419",1,8,0,3,8
"S01420",2,6,3,7,10
"S01421",3,5,4,6,10
"S01422",3,4,5,1,3
"S01423",0,4,3,7,1
"S01424",0,9,0,3,3
"S01425",0,8,4,4,8
"S01426",3,9,3,10,8
"S01427",0,5,4,2,7
"S01428",4,3,5,1,2
"S01429",4,3,3,5,5
"S01430",4,3,4,6,10
"S01431",3,5,3,2,8
"S01432",0,0,0,10,3
"S01433",1,8,0,6,6
"S01434",0,1,0,6,2
"S01435",3,1,5,8,8
"S01436",4,4,3,8,9
"S01437",3,3,4,6,1
"S01438",0,2,4,7,4
"S01439",3,4,1,4,6
"S01440",1,6,2,5,2
"S01441",3,9,0,6,6
"S01442",2,1,0,6,7
"S01443",3,5,0,3,6
"S01444",0,3,1,9,10
"S01445",2,1,1,4,10
"S01446",4,0,1,8,8
"S01447",0,7,0,4,5
"S01448",1,4,4,6,3
"S01449",3,9,0,1,2
"S01450",3,1,1,2,2
"S01451",0,7,1,6,2
"S01452",3,2,2,3,10
"S01453",3,6,3,7,5
"S01454",4,1,2,1,10
"S01455",3,6,2,3,4
"S01456",3,3,0,3,2
"S01457",4,9,3,1,5
"S01458",3,0,3,4,7
"S01459",4,4,0,8,5
"S01460",1,3,4,7,8
"S01461",3,7,5,7,6
"S01462",0,0,0,5,9
"S01463",2,1,4,4,10
"S01464",1,4,4,10,5
"S01465",3,9,3,6,8
"S01466",0,9,0,2,6
"S01467",2,1,0,1,7
"S01468",4,0,3,7,8
"S01469",3,5,2,4,4
"S01470",4,9,0,7,4
"S01471",1,3,5,6,6
"S01472",2,4,5,9,2
"S01473",2,2,1,10,9
"S01474",4,9,1,6,8
"S01475",4,5,0,3,2
"S01476",1,3,4,7,1
"S01477",0,5,5,9,10
"S01478",3,4,5,10,4
"S01479",0,1,3,6,4
"S01480",2,3,5,7,2
"S01481",3,1,4,8,5
"S01482",1,4,1,4,3
"S01483",0,2,1,5,3
"S01484",0,5,3,4,10
"S01485",3,4,1,1,3
"S01486",1,1,2,6,4
"S01487",1,9,1,7,5
"S01488",0,7,5,2,4
"S01489",0,5,4,6,9
"S01490",4,8,4,2,4
"S01491",3,2,2,10,7
"S01492",1,3,4,5,10
"S01493",2,7,4,1,5
"S01494",3,6,4,3,10
"S01495",4,7,0,4,9
"S01496",3,8,2,4,9
"S01497",0,7,2,2,8
"S01498",3,7,1,8,6
"S01499",3,5,5,6,6
"S01500",3,1,2,9,2
"S01501",2,6,3,6,7
"S01502",4,3,2,3,9
"S01503",3,2,3,2,9
"S01504",3,3,4,9,2
"S01505",2,3,5,3,9
"S01506",1,2,3,6,7
"S01507",3,8,5,10,5
"S01508",3,2,5,2,5
"S01509",1,1,0,7,6
"S01510",3,0,5,1,8
"S01511",3,0,4,9,2
"S01512",3,4,3,1,3
"S01513",4,4,5,9,10
"S01514",0,8,4,1,7
"S01515",4,3,0,1,3
"S01516",1,4,4,8,1
"S01517",4,5,4,1,6
"S01518",4,9,2,8,7
"S01519",2,6,1,3,9
"S01520",1,8,3,4,1
"S01521",1,5,1,2,9
"S01522",1,0,0,6,10
"S01523",4,7,0,7,7
"S01524",1,1,4,10,8
"S01525",2,8,1,3,3
"S01526",3,6,3,9,5
"S01527",4,6,3,3,3
"S01528",3,9,4,7,7
"S01529",3,9,3,4,2
"S01530",4,4,2,5,6
"S01531",4,7,1,9,10
"S01532",1,9,0,3,2
"S01533",2,0,3,3,9
"S01534",4,2,3,9,6
"S01535",3,8,3,9,5
"S01536",4,0,4,4,6
"S01537",2,7,0,1,6
"S01538",0,5,1,1,6
"S01539",3,9,3,9,10
"S01540",0,4,2,6,6
"S01541",0,5,5,5,9
"S01542",2,4,4,10,7
"S01543",4,8,1,3,1
"S01544",0,1,3,3,10
"S01545",1,9,1,2,9
"S01546",4,5,4,7,6
"S01547",3,3,5,9,10
"S01548",4,2,2,6,8
"S01549",2,4,3,10,3
"S01550",2,1,2,1,3
"S01551",3,2,4,6,9
"S01552",3,6,2,8,9
"S01553",3,0,4,8,5
"S01554",2,1,5,10,5
"S01555",4,2,2,3,3
"S01556",0,9,1,1,7
"S01557",0,6,1,5,7
"S01558",1,3,4,6,3
"S01559",2,7,1,10,8
"S01560",3,7,5,9,6
"S01561",4,0,2,2,3
"S01562",2,4,2,1,6
"S01563",1,0,3,7,1
"S01564",0,6,4,2,6
"S01565",4,3,1,2,7
"S01566",0,7,5,3,4
"S01567",4,7,4,4,4
"S01568",3,8,1,7,3
"S01569",4,5,3,1,5
"S01570",3,6,2,6,1
"S01571",2,6,2,7,6
"S01572",0,4,5,3,2
"S01573",4,6,0,3,4
"S01574",4,8,4,2,6
"S01575",1,3,1,5,6
"S01576",0,1,0,7,10
"S01577",2,7,4,3,7
"S01578",3,6,1,7,1
"S01579",2,5,3,8,6
"S01580",1,6,4,3,9
"S01581",2,2,1,1,8
"S01582",3,5,2,3,8
"S01583",0,9,4,6,6
"S01584",1,6,1,1,4
"S01585",4,6,5,9,1
"S01586",4,4,2,3,5
"S01587",0,2,2,3,5
"S01588",2,1,0,7,7
"S01589",4,6,1,7,1
"S01590",1,3,0,6,6
"S01591",3,1,5,7,7
"S01592",2,7,0,5,1
"S01593",3,1,3,8,3
"S01594",2,5,0,10,10
"S01595",1,3,0,2,9
"S01596",3,8,3,5,8
"S01597",1,4,3,9,10
"S01598",3,3,4,4,6
"S01599",2,7,0,8,8
"S01600",1,2,2,3,2
"S01601",2,8,3,6,7
"S01602",2,7,1,8,2
"S01603",3,7,4,9,3
"S01604",3,9,4,7,2
"S01605",1,4,0,6,5
"S01606",4,0,5,6,10
"S01607",0,9,2,6,5
"S01608",3,8,5,10,6
"S01609",2,1,5,9,6
"S01610",0,0,3,3,7
"S01611",1,5,1,4,8
"S01612",0,0,0,3,4
"S01613",0,9,2,9,9
"S01614",4,9,0,5,3
"S01615",4,9,0,10,5
"S01616",0,6,4,8,3
"S01617",4,6,5,8,2
"S01618",4,0,1,9,5
"S01619",0,9,1,10,9
"S01620",3,4,1,7,6
"S01621",4,2,1,3,4
"S01622",0,1,3,5,7
"S01623",3,4,3,3,10
"S01624",4,4,1,2,5
"S01625",0,1,2,3,7
"S01626",4,5,3,10,2
"S01627",3,6,3,9,2
"S01628",0,0,2,9,9
"S01629",3,2,1,8,4
"S01630",2,3,0,7,1
"S01631",1,1,3,1,9
"S01632",2,9,0,9,1
"S01633",4,4,0,10,2
"S01634",3,3,2,2,9
"S01635",0,1,1,6,3
"S01636",3,0,5,10,1
"S01637",4,7,0,5,3
"S01638",0,1,1,6,9
"S01639",2,3,4,8,2
"S01640",3,9,5,8,5
"S01641",1,4,5,10,1
"S01642",4,1,5,2,10
"S01643",4,9,1,7,1
"S01644",3,8,2,2,7
"S01645",2,1,2,1,10
"S01646",2,5,4,8,10
"S01647",1,6,2,9,3
"S01648",1,5,1,7,1
"S01649",3,3,5,4,1
"S01650",0,0,1,7,5
"S01651",2,1,5,4,3
"S01652",0,9,1,7,4
"S01653",0,9,2,4,6
"S01654",3,5,1,9,2
"S01655",1,7,3,5,7
"S01656",0,2,5,7,5
"S01657",3,6,5,8,8
"S01658",1,8,4,5,4
"S01659",0,3,3,1,8
"S01660",0,6,1,4,4
"S01661",1,6,2,3,5
"S01662",1,9,4,7,3
"S01663",4,8,3,6,4
"S01664",4,2,1,6,9
"S01665",3,0,2,2,5
"S01666",3,7,1,6,4
"S01667",2,3,5,8,4
"S01668",4,1,3,5,7
"S01669",1,4,3,9,2
"S01670",4,3,4,2,4
"S01671",3,0,2,7,3
"S01672",3,6,0,6,7
"S01673",3,3,1,6,4
"S01674",1,7,2,4,8
"S01675",0,8,0,10,5
"S01676",3,7,2,9,9
"S01677",4,0,1,6,9
"S01678",0,7,1,8,3
"S01679",4,4,4,8,9
"S01680",3,0,3,4,4
"S01681",1,8,3,5,9
"S01682",0,8,3,2,2
"S01683",0,6,4,4,5
"S01684",3,6,3,6,6
"S01685",3,0,2,2,3
"S01686",3,8,3,2,2
"S01687",2,0,3,10,1
"S01688",1,6,5,7,7
"S01689",1,8,1,10,4
"S01690",3,8,4,5,8
"S01691",2,4,4,3,8
"S01692",3,5,3,3,8
"S01693",3,1,5,7,2
"S01694",1,1,0,3,5
"S01695",2,9,1,10,8
"S01696",1,8,3,5,10
"S01697",3,0,0,2,2
"S01698",4,9,2,3,2
"S01699",0,4,5,4,1
"S01700",3,6,5,1,6
"S01701",2,9,1,4,5
"S01702",4,5,5,4,1
"S01703",2,5,4,3,8
"S01704",3,5,0,10,8
"S01705",3,7,3,9,5
"S01706",0,6,0,3,3
"S01707",2,4,4,2,8
"S01708",4,9,2,7,3
"S01709",0,1,0,9,4
"S01710",2,9,3,6,7
"S01711",3,5,0,5,7
"S01712",0,9,5,1,4
"S01713",3,4,2,3,9
"S01714",1,3,0,9,6
"S01715",1,9,2,8,8
"S01716",0,4,2,9,7
"S01717",0,8,1,8,4
"S01718",2,1,1,1,2
"S01719",4,5,3,8,2
"S01720",4,8,3,8,8
"S01721",1,9,3,5,8
"S01722",1,4,2,6,1
"S01723",1,5,2,2,1
"S01724",3,9,1,1,4
"S01725",4,3,5,8,1
"S01726",0,4,2,7,10
"S01727",1,7,1,4,1
"S01728",2,0,0,7,10
"S01729",0,0,3,2,5
"S01730",0,9,3,2,1
"S01731",0,3,4,7,10
"S01732",4,9,5,3,6
"S01733",1,2,1,6,4
"S01734",2,4,4,7,10
"S01735",3,9,3,7,5
"S01736",2,7,4,10,9
"S01737",2,0,0,4,2
"S01738",2,4,4,3,3
"S01739",3,4,0,1,3
"S01740",2,1,3,7,9
"S01741",2,4,2,9,3
"S01742",1,7,1,1,10
"S01743",1,9,4,5,5
"S01744",1,6,5,4,6
"S01745",0,1,0,10,6
"S01746",2,5,5,2,6
"S01747",4,9,3,7,1
"S01748",4,0,5,7,6
"S01749",4,9,5,8,1
"S01750",3,9,3,3,6
"S01751",1,2,2,6,10
"S01752",1,5,5,4,6
"S01753",1,8,5,3,3
"S01754",3,0,5,4,3
"S01755",2,5,3,1,6
"S01756",0,1,5,7,2
"S01757",1,8,3,7,5
"S01758",2,1,2,7,10
"S01759",4,2,3,2,3
"S01760",0,1,5,1,5
"S01761",4,3,0,9,3
"S01762",2,3,5,2,2
"S01763",2,9,4,5,4
"S01764",4,0,4,5,5
"S01765",0,7,0,8,6
"S01766",4,4,4,1,2
"S01767",4,7,5,7,3
"S01768",4,5,3,3,3
"S01769",0,1,5,2,6
"S01770",3,6,4,5,1
"S01771",0,9,4,4,7
"S01772",4,8,3,9,8
"S01773",1,6,4,1,7
"S01774",1,4,3,3,4
"S01775",2,3,2,3,7
"S01776",3,7,5,4,1
"S01777",2,5,2,7,8
"S01778",2,4,4,5,10
"S01779",1,6,2,10,10
"S01780",0,2,4,6,3
"S01781",2,8,2,3,9
"S01782",2,3,4,5,1
"S01783",3,3,1,2,6
"S01784",1,7,5,4,1
"S01785",0,5,0,3,8
"S01786",3,0,5,3,3
"S01787",0,1,2,4,4
"S01788",0,8,3,8,6
"S01789",2,5,0,8,4
"S01790",3,6,4,1,8
"S01791",2,8,0,5,9
"S01792",4,2,3,2,5
"S01793",0,4,3,10,1
"S01794",3,4,5,6,8
"S01795",1,9,4,3,2
"S01796",2,6,5,10,6
"S01797",4,1,2,10,6
"S01798",4,3,2,9,7
"S01799",4,3,1,9,9
"S01800",2,7,5,8,1
"S01801",1,9,3,2,10
"S01802",3,2,1,2,8
"S01803",0,1,3,2,5
"S01804",1,8,1,5,6
"S01805",2,3,5,10,8
"S01806",3,8,2,9,8
"S01807",0,5,3,7,7
"S01808",3,0,5,7,7
"S01809",0,2,5,3,1
"S01810",0,6,2,3,8
"S01811",4,8,0,10,3
"S01812",2,7,2,3,5
"S01813",1,4,3,1,4
"S01814",4,7,0,8,10
"S01815",4,1,1,2,3
"S01816",3,2,4,7,10
"S01817",0,7,3,9,5
"S01818",0,8,4,2,3
"S01819",3,9,4,1,9
"S01820",2,7,0,5,9
"S01821",0,3,1,10,6
"S01822",4,5,2,5,3
"S01823",4,4,0,1,5
"S01824",0,3,1,9,8
"S01825",0,8,2,3,9
"S01826",2,9,2,2,3
"S01827",0,2,1,7,5
"S01828",2,0,2,5,2
"S01829",4,6,3,4,2
"S01830",2,9,3,4,2
"S01831",0,7,0,9,6
"S01832",1,2,2,9,3
"S01833",0,2,2,1,10
"S01834",1,5,1,10,5
"S01835",4,1,3,7,8
"S01836",3,5,4,8,5
"S01837",4,4,0,5,2
"S01838",4,6,5,7,6
"S01839",4,8,3,8,2
"S01840",2,8,1,8,8
"S01841",4,0,0,9,2
"S01842",3,6,4,5,7
"S01843",0,2,5,2,4
"S01844",1,3,0,6,4
"S01845",4,1,3,1,8
"S01846",1,0,4,10,4
"S01847",4,9,5,6,8
"S01848",2,2,1,3,9
"S01849",1,9,0,3,8
"S01850",4,8,3,7,4
"S01851",4,0,1,4,5
"S01852",3,2,4,5,6
"S01853",3,4,0,6,9
"S01854",3,2,2,10,5
"S01855",2,3,3,6,2
"S01856",1,3,3,2,7
"S01857",2,0,2,3,6
"S01858",0,5,1,1,3
"S01859",4,6,3,3,8
"S01860",4,6,1,8,3
"S01861",4,5,4,4,10
"S01862",3,6,2,2,4
"S01863",4,2,1,4,9
"S01864",3,4,4,7,4
"S01865",0,6,0,9,2
"S01866",2,9,3,5,9
"S01867",2,4,2,5,10
"S01868",2,9,0,5,8
"S01869",3,1,0,10,4
"S01870",1,5,0,9,6
"S01871",1,6,1,7,6
"S01872",0,1,3,3,2
"S01873",1,9,2,2,9
"S01874",0,7,5,9,6
"S01875",4,4,5,3,5
"S01876",2,7,3,8,2
"S01877",3,2,3,4,10
"S01878",0,1,3,5,1
"S01879",3,6,4,8,7
"S01880",3,4,4,5,4
"S01881",2,4,4,10,7
"S01882",4,7,4,2,5
"S01883",4,8,3,6,1
"S01884",1,7,3,7,5
"S01885",4,9,5,1,4
"S01886",2,1,2,10,1
"S01887",3,9,5,9,10
"S01888",0,6,5,6,2
"S01889",0,4,2,4,9
"S01890",4,6,2,2,1
"S01891",1,2,5,9,10
"S01892",0,3,5,6,4
"S01893",1,6,5,9,8
"S01894",0,1,2,2,5
"S01895",1,1,2,5,10
"S01896",1,0,4,6,7
"S01897",3,0,3,5,2
"S01898",2,0,2,6,4
"S01899",0,5,1,3,4
"S01900",4,4,2,9,1
"S01901",2,9,2,2,8
"S01902",3,7,3,2,3
"S01903",3,4,5,5,4
"S01904",3,0,4,10,2
"S01905",4,7,0,3,10
"S01906",0,5,5,2,5
"S01907",0,7,5,6,5
"S01908",1,1,3,6,3
"S01909",1,9,4,7,8
"S01910",1,7,1,4,1
"S01911",4,5,0,8,2
"S01912",2,0,4,3,1
"S01913",0,0,5,10,6
"S01914",1,9,4,1,4
"S01915",4,4,3,5,10
"S01916",4,6,4,6,1
"S01917",1,3,2,3,7
"S01918",3,9,4,2,9
"S01919",3,4,0,3,5
"S01920",3,9,4,3,7
"S01921",1,2,1,7,4
"S01922",4,1,2,1,4
"S01923",4,1,0,4,4
"S01924",0,4,0,3,5
"S01925",3,3,5,10,8
"S01926",1,1,3,7,4
"S01927",0,4,3,1,7
"S01928",4,9,2,8,9
"S01929",0,8,0,10,6
"S01930",3,7,5,7,4
"S01931",2,8,1,8,5
"S01932",3,8,4,8,8
"S01933",3,7,4,9,4
"S01934",1,8,4,1,4
"S01935",2,3,3,9,7
"S01936",2,7,0,1,6
"S01937",2,1,0,3,1
"S01938",4,8,1,7,9
"S01939",0,8,3,8,5
"S01940",4,2,1,5,10
"S01941",2,5,0,1,2
"S01942",1,6,4,3,5
"S01943",3,2,3,7,8
"S01944",3,4,3,2,6
"S01945",4,0,3,2,8
"S01946",4,2,5,9,5
"S01947",1,7,5,6,4
"S01948",3,2,4,4,10
"S01949",4,7,5,10,3
"S01950",0,8,3,9,2
"S01951",4,5,5,7,9
"S01952",4,6,5,7,1
"S01953",2,5,2,8,10
"S01954",0,7,3,3,2
"S01955",0,6,5,2,6
"S01956",1,9,4,1,6
"S01957",2,0,5,2,1
"S01958",0,2,5,3,8
"S01959",2,2,3,5,4
"S01960",2,2,5,8,7
"S01961",3,3,2,3,10
"S01962",0,0,2,7,9
"S01963",3,1,5,5,2
"S01964",4,4,3,5,7
"S01965",4,5,0,8,1
"S01966",3,8,0,10,3
"S01967",4,1,1,5,4
"S01968",3,8,2,10,3
"S01969",1,6,0,7,8
"S01970",2,8,1,10,7
"S01971",1,3,0,8,3
"S01972",0,6,3,8,7
"S01973",1,0,5,3,2
"S01974",1,7,2,4,3
"S01975",4,6,0,8,7
"S01976",3,6,3,5,10
"S01977",0,1,1,1,5
"S01978",4,9,3,7,9
"S01979",0,8,1,3,8
"S01980",2,7,0,2,6
"S01981",3,0,5,10,4
"S01982",4,0,4,5,3
"S01983",1,4,5,1,6
"S01984",2,1,3,9,9
"S01985",1,0,4,10,5
"S01986",0,9,2,5,7
"S01987",2,7,4,6,7
"S01988",4,3,5,7,7
"S01989",1,1,2,9,9
"S01990",1,4,0,5,2
"S01991",0,5,0,4,8
"S01992",0,7,3,3,2
"S01993",3,6,4,5,1
"S01994",3,6,2,10,10
"S01995",0,0,2,10,6
"S01996",3,2,4,3,2
"S01997",1,2,5,5,5
"S01998",0,6,0,8,1
"S01999",2,1,5,2,7
"S02000",0,9,0,4,1
"S02001",4,6,2,8,8
"S02002",4,8,3,5,5
"S02003",0,0,0,8,5
"S02004",2,1,1,6,3
"S02005",0,5,2,1,2
"S02006",2,1,4,5,6
"S02007",1,1,4,10,4
"S02008",1,4,5,2,10
"S02009",2,6,5,7,4
"S02010",3,3,2,10,6
"S02011",1,5,5,4,2
"S02012",4,2,5,2,2
"S02013",0,3,2,1,10
"S02014",3,3,0,5,10
"S02015",4,3,2,10,4
"S02016",0,0,2,8,6
"S02017",4,3,5,8,2
"S02018",3,3,1,10,7
"S02019",2,5,4,2,8
"S02020",0,8,5,6,9
"S02021",4,9,0,7,6
"S02022",4,5,3,10,2
"S02023",3,5,0,1,6
"S02024",3,6,4,5,8
"S02025",3,6,3,6,10
"S02026",2,0,2,7,1
"S02027",1,7,1,9,6
"S02028",4,0,1,3,1
"S02029",2,8,4,8,6
"S02030",4,3,5,10,10
"S02031",2,8,4,3,4
"S02032",0,7,1,9,3
"S02033",1,8,3,8,3
"S02034",4,5,3,9,4
"S02035",3,8,5,5,3
"S02036",1,3,0,9,9
"S02037",4,2,2,3,4
"S02038",0,2,5,7,1
"S02039",4,7,3,3,4
"S02040",4,1,2,6,1
"S02041",4,5,4,8,10
"S02042",1,8,3,2,10
"S02043",4,8,3,8,3
"S02044",3,7,3,1,4
"S02045",2,7,0,4,4
"S02046",3,0,5,7,9
"S02047",0,6,4,1,6
"S02048",1,0,1,6,3
"S02049",2,8,0,10,7
"S02050",1,2,0,6,4
"S02051",1,0,3,7,7
"S02052",4,7,0,9,2
"S02053",3,6,5,7,7
"S02054",2,1,5,3,8
"S02055",4,6,5,4,7
"S02056",2,4,1,1,6
"S02057",3,6,0,5,4
"S02058",4,9,5,7,9
"S02059",2,6,0,3,1
"S02060",4,1,3,6,5
"S02061",1,1,4,3,1
"S02062",0,6,5,4,10
"S02063",2,2,1,5,1
"S02064",3,3,3,6,6
"S02065",2,6,0,6,6
"S02066",0,1,5,1,7
"S02067",2,1,1,8,10
"S02068",2,8,2,3,9
"S02069",2,0,5,4,6
"S02070",3,2,5,8,2
"S02071",0,9,0,5,4
"S02072",0,3,4,6,9
"S02073",3,4,0,1,2
"S02074",2,2,4,8,7
"S02075",2,8,2,5,4
"S02076",0,4,3,1,10
"S02077",2,6,3,7,6
"S02078",1,6,5,2,1
"S02079",2,8,3,6,8
"S02080",2,1,1,3,6
"S02081",4,2,4,6,7
"S02082",0,3,0,9,6
"S02083",0,7,1,6,7
"S02084",1,0,1,1,5
"S02085",1,8,0,6,3
"S02086",1,4,2,3,6
"S02087",0,3,3,4,10
"S02088",4,7,2,4,9
"S02089",4,8,2,9,6
"S02090",3,2,3,8,9
"S02091",0,3,2,7,2
"S02092",3,0,1,5,1
"S02093",2,2,5,10,4
"S02094",1,9,0,4,5
"S02095",3,4,5,3,10
"S02096",3,7,1,1,7
"S02097",0,0,5,9,8
"S02098",1,0,1,8,1
"S02099",1,2,4,1,6
"S02100",4,8,3,2,1
"S02101",3,8,3,1,8
"S02102",4,0,5,1,1
"S02103",3,3,1,9,4
"S02104",0,7,3,5,3
"S02105",0,1,4,3,2
"S02106",2,3,5,2,8
"S02107",3,6,0,8,6
"S02108",3,6,2,8,4
"S02109",1,4,3,6,3
"S02110",1,6,1,2,6
"S02111",4,5,3,1,6
"S02112",2,1,1,6,5
"S02113",0,8,5,1,3
"S02114",3,4,5,6,10
"S02115",4,1,2,10,9
"S02116",2,5,3,2,6
"S02117",1,9,2,7,5
"S02118",2,4,1,10,7
"S02119",4,1,4,2,1
"S02120",0,9,4,2,7
"S02121",1,9,0,6,1
"S02122",1,6,1,4,9
"S02123",0,9,1,6,6
"S02124",1,1,1,8,7
"S02125",4,6,5,10,7
"S02126",1,5,5,3,1
"S02127",3,3,4,5,2
"S02128",2,3,4,5,10
"S02129",4,5,4,10,3
"S02130",0,8,3,9,8
"S02131",4,9,3,7,9
"S02132",3,5,4,9,8
"S02133",1,5,2,8,6
"S02134",1,0,3,3,2
"S02135",4,4,5,2,2
"S02136",1,0,3,3,10
"S02137",1,8,3,6,7
"S02138",3,9,3,10,9
"S02139",0,3,0,4,6
"S02140",2,1,3,1,1
"S02141",4,8,2,10,9
"S02142",0,5,0,10,7
"S02143",2,9,5,9,3
"S02144",0,2,5,6,2
"S02145",4,1,3,1,3
"S02146",3,5,1,3,2
"S02147",3,9,0,1,10
"S02148",3,5,5,9,2
"S02149",0,8,3,4,4
"S02150",4,4,2,2,6
"S02151",1,8,4,4,3
"S02152",1,4,5,2,9
"S02153",3,1,3,6,5
"S02154",0,0,1,6,5
"S02155",1,8,2,7,7
"S02156",0,9,5,9,9
"S02157",4,6,0,9,1
"S02158",3,2,2,4,9
"S02159",2,5,3,9,2
"S02160",3,9,5,8,3
"S02161",2,3,5,1,5
"S02162",1,8,1,7,10
"S02163",2,1,5,7,4
"S02164",0,3,2,10,5
"S02165",2,0,5,4,10
"S02166",1,6,2,7,5
"S02167",1,3,4,10,5
"S02168",3,4,4,10,10
"S02169",1,0,3,5,10
"S02170",0,1,0,5,10
"S02171",2,3,0,5,5
"S02172",4,1,1,6,2
"S02173",1,0,3,7,1
"S02174",2,9,0,5,10
"S02175",3,0,5,9,8
"S02176",4,5,2,9,3
"S02177",3,1,3,7,7
"S02178",0,2,2,10,8
"S02179",3,4,1,3,6
"S02180",2,2,5,4,6
"S02181",4,5,3,4,3
"S02182",3,6,5,7,9
"S02183",3,9,5,2,3
"S02184",0,5,5,5,5
"S02185",2,1,1,4,6
"S02186",3,8,4,10,1
"S02187",2,1,1,9,9
"S02188",1,5,5,1,7
"S02189",0,8,4,10,1
"S02190",0,8,3,3,6
"S02191",0,1,2,6,7
"S02192",2,8,2,4,5
"S02193",3,7,2,3,5
"S02194",3,6,1,6,7
"S02195",2,7,3,3,3
"S02196",2,9,3,7,3
"S02197",1,7,4,1,1
"S02198",4,0,3,9,8
"S02199",4,8,2,10,2
"S02200",0,5,3,2,3
"S02201",3,0,4,4,7
"S02202",0,0,3,6,10
"S02203",3,6,3,6,10
"S02204",3,9,2,8,8
"S02205",1,1,3,8,9
"S02206",2,5,1,4,8
"S02207",2,4,4,6,7
"S02208",2,4,4,9,10
"S02209",4,9,4,7,1
"S02210",2,5,3,8,1
"S02211",4,7,1,8,8
"S02212",0,4,5,2,7
"S02213",4,7,5,7,2
"S02214",3,4,4,3,9
"S02215",1,9,0,7,10
"S02216",1,5,5,2,7
"S02217",3,7,5,1,9
"S02218",0,1,2,9,1
"S02219",1,6,0,10,3
"S02220",3,2,0,10,10
"S02221",1,8,4,1,2
"S02222",4,9,0,1,6
"S02223",1,6,0,3,10
"S02224",4,2,5,1,4
"S02225",4,7,1,7,2
"S02226",1,9,2,7,2
"S02227",1,1,3,8,6
"S02228",4,9,4,2,9
"S02229",1,7,5,7,6
"S02230",0,6,5,9,4
"S02231",2,4,4,10,9
"S02232",2,3,0,5,2
"S02233",3,9,3,10,6
"S02234",2,9,5,3,7
"S02235",0,0,3,9,3
"S02236",2,3,3,1,4
"S02237",2,5,4,3,7
"S02238",0,5,4,2,9
"S02239",4,1,5,2,5
"S02240",2,8,5,3,2
"S02241",3,0,5,10,8
"S02242",2,3,1,7,9
"S02243",2,3,4,6,2
"S02244",0,1,4,9,10
"S02245",0,7,1,10,10
"S02246",3,1,4,10,1
"S02247",1,1,0,3,4
"S02248",0,1,0,5,1
"S02249",1,0,1,9,1
"S02250",3,4,5,3,5
"S02251",2,3,1,8,7
"S02252",2,1,0,9,3
"S02253",1,0,3,7,7
"S02254",3,0,4,6,5
"S02255",3,1,2,6,10
"S02256",0,0,2,6,8
"S02257",1,8,1,5,7
"S02258",0,1,2,7,1
"S02259",1,2,3,7,1
"S02260",0,8,2,7,7
"S02261",0,4,0,3,6
"S02262",3,7,1,6,9
"S02263",3,6,5,9,8
"S02264",2,5,2,9,6
"S02265",2,1,4,4,6
"S02266",3,3,1,9,9
"S02267",3,8,3,2,4
"S02268",0,6,0,8,9
"S02269",2,2,2,2,8
"S02270",3,5,0,5,3
"S02271",1,7,3,6,4
"S02272",1,7,5,2,7
"S02273",2,7,2,9,3
"S02274",1,7,5,6,3
"S02275",0,9,5,8,8
"S02276",2,5,1,4,5
"S02277",3,9,5,3,5
"S02278",1,2,1,4,8
"S02279",0,8,5,1,6
"S02280",3,2,4,1,5
"S02281",4,3,3,8,1
"S02282",0,9,2,1,5
"S02283",1,0,0,5,8
"S02284",0,1,0,10,9
"S02285",4,5,2,9,6
"S02286",4,0,3,3,10
"S02287",0,8,3,10,3
"S02288",3,7,5,2,8
"S02289",3,1,0,5,5
"S02290",4,1,2,2,2
"S02291",2,7,5,10,1
"S02292",2,7,2,1,8
"S02293",3,0,0,9,2
"S02294",2,4,2,10,3
"S02295",3,1,2,9,9
"S02296",1,0,5,1,1
"S02297",3,2,1,4,8
"S02298",1,2,1,5,2
"S02299",4,9,4,2,8
"S02300",2,8,5,9,2
"S02301",4,9,4,9,7
"S02302",0,0,3,9,3
"S02303",0,1,1,8,4
"S02304",4,8,1,6,1
"S02305",3,4,1,1,10
"S02306",3,8,1,10,1
"S02307",2,5,3,5,10
"S02308",4,9,0,8,8
"S02309",0,9,3,4,8
"S02310",4,2,0,8,2
"S02311",4,7,4,6,4
"S02312",2,8,1,1,2
"S02313",3,1,5,1,8
"S02314",0,8,5,3,7
"S02315",2,3,0,1,7
"S02316",0,7,3,4,10
"S02317",0,4,0,3,3
"S02318",3,5,2,7,5
"S02319",3,3,4,9,1
"S02320",2,4,4,7,10
"S02321",1,0,1,5,4
"S02322",2,2,1,1,4
"S02323",2,3,3,5,1
"S02324",1,0,0,1,7
"S02325",0,2,2,6,5
"S02326",4,3,4,8,1
"S02327",1,8,0,7,5
"S02328",4,2,2,1,8
"S02329",0,2,5,8,10
"S02330",1,3,0,9,8
"S02331",3,8,1,10,2
"S02332",2,8,5,2,1
"S02333",1,0,5,1,2
"S02334",1,7,4,6,6
"S02335",0,9,2,4,5
"S02336",3,0,1,7,4
"S02337",1,1,5,3,8
"S02338",3,9,3,3,5
"S02339",4,4,3,8,4
"S02340",1,5,1,7,8
"S02341",3,1,2,5,1
"S02342",2,9,2,3,9
"S02343",0,4,4,1,2
"S02344",3,2,1,3,8
"S02345",0,6,3,9,9
"S02346",1,0,1,1,10
"S02347",1,4,0,5,8
"S02348",4,2,2,4,9
"S02349",0,1,5,6,4
"S02350",2,2,0,2,2
"S02351",2,9,3,4,3
"S02352",3,3,2,9,8
"S02353",2,1,3,5,5
"S02354",0,1,3,8,4
"S02355",1,2,3,2,3
"S02356",0,1,4,9,3
"S02357",0,5,3,7,10
"S02358",1,1,3,7,10
"S02359",0,0,0,2,7
"S02360",2,7,0,8,8
"S02361",3,9,0,9,5
"S02362",3,3,2,10,8
"S02363",0,1,4,5,9
"S02364",1,3,2,3,4
"S02365",4,1,4,3,2
"S02366",0,4,4,6,5
"S02367",0,6,1,1,2
"S02368",4,5,5,10,10
"S02369",3,1,1,9,2
"S02370",3,3,1,6,6
"S02371",4,7,4,9,10
"S02372",1,6,4,3,10
"S02373",0,6,2,10,1
"S02374",2,3,4,3,2
"S02375",3,0,3,10,5
"S02376",3,6,3,7,10
"S02377",3,5,4,7,5
"S02378",1,7,3,4,10
"S02379",4,4,4,8,3
"S02380",1,7,1,2,5
"S02381",3,9,4,1,9
"S02382",0,7,1,1,2
"S02383",3,8,0,2,6
"S02384",0,0,3,6,8
"S02385",0,2,0,8,3
"S02386",3,5,3,3,2
"S02387",3,3,5,6,1
"S02388",0,7,5,8,1
"S02389",1,9,5,9,4
"S02390",1,0,0,8,6
"S02391",1,4,5,7,7
"S02392",2,3,4,4,8
"S02393",0,0,5,3,8
"S02394",2,9,0,7,10
"S02395",2,5,3,1,1
"S02396",0,9,2,7,8
"S02397",2,2,3,6,10
"S02398",0,4,2,3,1
"S02399",4,5,4,3,3
"S02400",4,3,3,2,5
"S02401",0,9,0,1,10
"S02402",0,9,4,5,10
"S02403",0,5,3,7,8
"S02404",1,6,4,7,8
"S02405",0,1,2,6,6
"S02406",3,6,4,10,4
"S02407",4,6,0,6,4
"S02408",4,1,3,7,8
"S02409",0,2,2,8,3
"S02410",4,2,4,5,8
"S02411",0,0,1,1,4
"S02412",0,0,2,7,10
"S02413",4,9,2,2,9
"S02414",4,5,0,5,2
"S02415",3,8,0,7,10
"S02416",2,8,4,7,1
"S02417",3,0,1,9,4
"S02418",3,6,2,5,9
"S02419",4,5,4,6,7
"S02420",3,3,5,10,9
"S02421",4,2,1,6,9
"S02422",1,8,4,1,10
"S02423",0,9,2,10,9
"S02424",2,4,4,7,9
"S02425",1,7,0,10,7
"S02426",0,3,0,7,8
"S02427",0,3,3,4,2
"S02428",2,5,1,4,9
"S02429",3,5,5,6,2
"S02430",0,2,2,3,8
"S02431",2,1,1,10,2
"S02432",4,8,0,6,8
"S02433",0,1,5,4,3
"S02434",0,8,2,10,2
"S02435",3,7,3,8,6
"S02436",3,9,0,5,6
"S02437",4,6,0,8,1
"S02438",0,4,5,9,7
"S02439",3,2,1,4,1
"S02440",2,1,4,1,4
"S02441",0,7,1,10,6
"S02442",2,1,0,7,8
"S02443",1,7,1,7,8
"S02444",4,4,4,5,10
"S02445",3,8,3,5,7
"S02446",1,3,2,1,5
"S02447",3,7,0,3,6
"S02448",1,6,1,1,8
"S02449",3,7,0,7,3
"S02450",4,4,2,5,6
"S02451",0,1,1,4,4
"S02452",2,6,3,7,3
"S02453",1,2,2,9,3
"S02454",2,9,4,6,4
"S02455",2,9,4,9,6
"S02456",3,9,0,6,1
"S02457",0,9,4,10,2
"S02458",3,1,1,9,4
"S02459",2,2,4,6,10
"S02460",4,3,3,9,9
"S02461",0,9,5,3,8
"S02462",0,6,1,5,10
"S02463",2,9,5,5,8
"S02464",3,0,0,10,7
"S02465",4,5,0,8,6
"S02466",1,5,4,7,7
"S02467",3,7,4,2,6
"S02468",0,1,0,2,3
"S02469",3,1,1,7,6
"S02470",1,0,2,10,7
"S02471",4,2,0,10,6
"S02472",4,6,3,4,2
"S02473",1,7,1,6,6
"S02474",1,6,2,9,2
"S02475",2,8,2,10,1
"S02476",0,7,1,4,10
"S02477",2,7,0,7,10
"S02478",3,1,2,9,10
"S02479",1,0,3,1,5
"S02480",2,5,5,10,4
"S02481",0,6,1,2,9
"S02482",0,5,4,9,9
"S02483",1,6,5,5,9
"S02484",2,7,0,4,3
"S02485",4,1,1,7,10
"S02486",1,0,3,5,3
"S02487",3,9,5,1,3
"S02488",2,7,5,9,10
"S02489",2,7,2,8,5
"S02490",1,7,0,3,6
"S02491",2,9,0,10,6
"S02492",2,6,1,3,3
"S02493",3,1,1,3,2
"S02494",3,3,3,7,6
"S02495",4,8,4,2,4
"S02496",3,7,1,9,9
"S02497",4,3,5,4,2
"S02498",3,7,1,7,4
"S02499",4,9,1,8,2
"S02500",3,5,3,5,5
"S02501",3,8,2,8,3
"S02502",1,0,4,4,4
"S02503",3,5,3,10,9
"S02504",4,3,1,2,10
"S02505",1,2,2,3,5
"S02506",4,4,1,6,9
"S02507",3,9,3,10,5
"S02508",3,7,0,6,10
"S02509",4,9,1,7,9
"S02510",2,5,2,4,8
"S02511",1,0,4,8,1
"S02512",1,5,0,8,3
"S02513",3,6,1,7,5
"S02514",1,5,1,3,3
"S02515",4,2,2,3,10
"S02516",3,8,0,2,1
"S02517",1,9,0,7,2
"S02518",0,9,0,6,2
"S02519",1,3,1,7,4
"S02520",4,4,0,2,6
"S02521",1,4,1,4,2
"S02522",2,2,1,1,6
"S02523",2,1,5,2,1
"S02524",3,7,0,7,8
"S02525",2,6,3,5,3
"S02526",4,4,4,10,8
"S02527",0,0,4,3,3
"S02528",0,9,3,2,1
"S02529",3,0,0,3,4
"S02530",3,7,1,4,3
"S02531",2,3,2,10,8
"S02532",4,3,3,10,1
"S02533",2,8,4,5,9
"S02534",4,1,4,8,9
"S02535",4,4,1,9,6
"S02536",0,5,4,2,5
"S02537",4,5,4,3,5
"S02538",1,9,1,4,6
"S02539",4,2,0,7,7
"S02540",0,9,5,6,8
"S02541",2,5,4,6,3
"S02542",4,9,5,10,10
"S02543",1,9,5,7,1
"S02544",3,4,0,1,5
"S02545",2,7,2,8,1
"S02546",3,3,0,9,2
"S02547",1,9,1,2,8
"S02548",0,9,1,1,3
"S02549",0,2,1,4,10
"S02550",2,5,4,2,4
"S02551",4,9,3,6,6
"S02552",4,8,4,3,8
"S02553",3,7,0,9,1
"S02554",0,9,2,8,2
"S02555",4,7,2,7,6
"S02556",4,2,2,7,8
"S02557",0,0,5,7,8
"S02558",0,2,2,5,3
"S02559",1,2,5,8,4
"S02560",3,5,3,4,10
"S02561",0,2,2,5,4
"S02562",1,1,5,3,4
"S02563",0,8,4,3,2
"S02564",2,5,2,2,6
"S02565",2,4,1,5,8
"S02566",2,2,0,2,9
"S02567",0,6,4,10,1
"S02568",4,6,3,4,1
"S02569",4,3,4,10,9
"S02570",2,9,1,1,4
"S02571",3,1,2,2,7
"S02572",1,1,2,1,2
"S02573",2,7,3,2,10
"S02574",1,3,0,4,1
"S02575",1,6,2,1,7
"S02576",2,2,5,6,6
"S02577",4,8,3,1,3
"S02578",3,9,2,3,10
"S02579",2,8,5,2,4
"S02580",1,6,4,2,1
"S02581",0,6,3,4,7
"S02582",0,0,3,9,9
"S02583",1,9,3,3,1
"S02584",2,7,2,6,2
"S02585",4,1,3,10,2
"S02586",2,7,4,3,6
"S02587",3,1,0,10,5
"S02588",0,0,0,5,6
"S02589",1,7,1,9,1
"S02590",4,3,4,3,6
"S02591",2,9,4,8,6
"S02592",3,5,3,6,7
"S02593",2,9,1,8,2
"S02594",3,9,5,2,6
"S02595",2,0,5,9,9
"S02596",4,8,4,1,9
"S02597",4,6,4,3,2
"S02598",1,4,4,4,5
"S02599",4,5,2,6,7
"S02600",3,2,4,4,5
"S02601",1,8,5,2,3
"S02602",4,1,2,3,1
"S02603",0,9,5,3,7
"S02604",3,0,4,6,8
"S02605",1,0,5,5,6
"S02606",3,9,0,5,7
"S02607",1,1,2,4,9
"S02608",3,5,2,4,2
"S02609",0,5,3,9,5
"S02610",4,8,4,7,3
"S02611",2,9,1,8,2
"S02612",2,3,1,4,3
"S02613",2,7,1,3,4
"S02614",1,3,1,1,2
"S02615",4,2,0,9,2
"S02616",1,3,1,9,8
"S02617",1,0,5,2,3
"S02618",1,8,3,4,3
"S02619",1,4,1,4,4
"S02620",4,6,3,1,5
"S02621",2,2,2,2,3
"S02622",3,4,5,8,6
"S02623",1,9,4,6,10
"S02624",4,3,1,1,3
"S02625",0,6,3,7,8
"S02626",3,4,5,7,4
"S02627",1,1,3,6,5
"S02628",1,2,4,8,3
"S02629",3,7,2,5,5
"S02630",3,2,1,2,7
"S02631",1,6,3,4,3
"S02632",4,4,1,8,3
"S02633",0,6,5,8,1
"S02634",4,9,0,5,2
"S02635",2,8,3,6,4
"S02636",2,6,2,9,9
"S02637",2,5,5,10,3
"S02638",1,0,4,10,10
"S02639",0,3,3,10,5
"S02640",0,7,0,2,9
"S02641",1,0,4,5,4
"S02642",1,5,2,9,4
"S02643",1,1,1,3,6
"S02644",0,8,1,6,7
"S02645",1,7,3,4,6
"S02646",3,8,4,4,4
"S02647",3,8,0,3,7
"S02648",3,1,0,10,10
"S02649",1,1,2,1,3
"S02650",3,8,5,8,3
"S02651",1,1,4,5,7
"S02652",3,3,4,2,6
"S02653",1,1,1,1,2
"S02654",4,0,2,1,1
"S02655",2,9,2,4,6
"S02656",4,6,5,4,9
"S02657",2,4,2,6,3
"S02658",2,2,4,7,9
"S02659",3,7,1,1,6
"S02660",2,4,2,10,4
"S02661",2,0,1,2,10
"S02662",4,8,5,3,10
"S02663",2,4,2,9,10
"S02664",1,2,4,4,2
"S02665",1,5,1,6,9
"S02666",3,7,3,2,5
"S02667",4,1,5,2,5
"S02668",0,2,2,2,2
"S02669",4,6,4,5,5
"S02670",0,1,1,9,6
"S02671",2,4,0,6,2
"S02672",0,8,4,9,1
"S02673",2,6,4,6,6
"S02674",4,2,0,9,9
"S02675",4,1,0,5,9
"S02676",3,9,3,1,9
"S02677",3,8,3,6,5
"S02678",2,8,3,4,10
"S02679",2,8,4,9,1
"S02680",1,9,4,6,3
"S02681",1,2,4,1,8
"S02682",1,0,3,6,9
"S02683",4,8,1,3,4
"S02684",0,6,4,3,3
"S02685",2,1,4,7,2
"S02686",3,5,4,2,5
"S02687",2,8,3,9,2
"S02688",0,7,2,9,9
"S02689",2,5,3,7,10
"S02690",3,5,2,9,9
"S02691",3,7,3,6,3
"S02692",0,8,1,9,4
"S02693",3,7,1,10,9
"S02694",4,0,4,2,1
"S02695",3,1,3,5,7
"S02696",0,5,2,6,2
"S02697",0,7,2,6,9
"S02698",2,3,1,4,3
"S02699",3,3,4,4,6
"S02700",3,1,2,5,5
"S02701",0,9,3,6,2
"S02702",2,0,4,8,9
"S02703",2,9,5,10,3
"S02704",4,8,3,1,6
"S02705",4,6,3,8,9
"S02706",0,8,1,2,8
"S02707",2,1,3,7,10
"S02708",2,9,0,4,5
"S02709",4,4,4,8,6
"S02710",4,1,0,6,3
"S02711",0,9,3,5,5
"S02712",2,6,3,10,6
"S02713",0,8,1,10,3
"S02714",4,2,1,5,10
"S02715",3,0,5,4,2
"S02716",4,3,1,3,10
"S02717",2,3,5,3,9
"S02718",0,5,1,3,7
"S02719",2,4,5,7,4
"S02720",4,4,2,8,3
"S02721",4,8,1,8,4
"S02722",1,0,3,2,9
"S02723",4,7,5,3,9
"S02724",2,7,3,2,6
"S02725",0,7,5,6,9
"S02726",0,2,4,3,9
"S02727",1,9,5,6,6
"S02728",2,7,0,4,5
"S02729",4,1,5,10,3
"S02730",3,7,5,10,1
"S02731",0,7,2,6,4
"S02732",2,2,2,3,1
"S02733",1,3,4,5,1
"S02734",3,8,4,8,6
"S02735",2,8,1,3,5
"S02736",4,9,4,9,7
"S02737",0,8,2,9,1
"S02738",4,9,0,7,1
"S02739",1,5,5,8,8
"S02740",0,0,0,9,6
"S02741",3,7,2,1,8
"S02742",0,8,1,7,6
"S02743",4,7,0,10,6
"S02744",2,0,5,3,10
"S02745",2,5,5,6,7
"S02746",2,8,0,9,2
"S02747",1,8,1,10,3
"S02748",1,6,0,8,4
"S02749",2,6,3,2,1
"S02750",3,3,2,4,9
"S02751",4,6,0,5,9
"S02752",3,9,0,10,4
"S02753",2,4,1,6,1
"S02754",4,9,0,7,1
"S02755",1,4,1,4,6
"S02756",0,0,2,4,2
"S02757",0,1,3,5,1
"S02758",4,8,4,9,10
"S02759",3,1,2,9,2
"S02760",4,9,0,1,7
"S02761",3,1,3,5,4
"S02762",3,8,4,5,7
"S02763",0,2,4,7,7
"S02764",1,1,5,8,4
"S02765",2,6,5,3,2
"S02766",1,8,0,1,9
"S02767",2,5,5,2,10
"S02768",0,6,4,6,10
"S02769",2,2,4,6,3
"S02770",3,2,2,5,1
"S02771",4,7,5,5,8
"S02772",2,6,5,9,4
"S02773",1,4,2,7,9
"S02774",0,5,4,6,8
"S02775",0,8,1,7,7
"S02776",4,2,0,3,9
"S02777",3,2,1,7,2
"S02778",3,5,1,3,4
"S02779",0,7,4,8,5
"S02780",3,4,0,10,5
"S02781",4,0,1,10,1
"S02782",0,2,2,9,9
"S02783",3,7,2,3,9
"S02784",2,3,0,7,5
"S02785",2,8,1,8,10
"S02786",3,5,3,3,3
"S02787",2,9,5,6,8
"S02788",4,3,3,7,7
"S02789",1,3,0,4,5
"S02790",4,9,5,6,1
"S02791",4,4,0,7,7
"S02792",3,6,3,7,1
"S02793",4,6,1,1,1
"S02794",3,9,1,2,9
"S02795",0,6,4,1,6
"S02796",3,4,5,9,7
"S02797",3,8,0,7,2
"S02798",0,1,1,7,8
"S02799",1,7,3,3,7
"S02800",0,9,5,5,5
"S02801",3,7,3,2,8
"S02802",2,2,2,5,2
"S02803",3,4,1,8,6
"S02804",0,7,4,10,4
"S02805",3,9,4,3,7
"S02806",0,8,5,4,6
"S02807",4,6,0,8,6
"S02808",1,3,2,2,5
"S02809",1,3,5,1,5
"S02810",0,2,3,3,2
"S02811",1,7,3,2,7
"S02812",2,5,0,10,7
"S02813",2,9,4,2,8
"S02814",1,5,4,4,4
"S02815",0,9,3,6,9
"S02816",2,9,0,10,10
"S02817",1,8,5,10,3
"S02818",3,2,1,5,3
"S02819",2,3,5,4,2
"S02820",4,2,2,8,10
"S02821",2,2,4,5,7
"S02822",1,0,5,2,10
"S02823",1,9,4,4,2
"S02824",1,5,4,7,7
"S02825",0,8,1,4,3
"S02826",0,4,1,6,1
"S02827",3,9,5,2,8
"S02828",3,1,2,9,8
"S02829",2,9,4,4,10
"S02830",1,3,3,1,1
"S02831",3,5,4,3,6
"S02832",1,6,2,7,4
"S02833",2,6,5,10,5
"S02834",0,3,2,9,8
"S02835",3,9,3,6,8
"S02836",4,9,1,4,7
"S02837",4,4,3,2,5
"S02838",4,3,2,9,6
"S02839",4,9,3,8,8
"S02840",4,5,4,7,5
"S02841",4,6,2,2,3
"S02842",4,1,5,2,9
"S02843",3,9,1,8,9
"S02844",4,2,1,9,10
"S02845",4,7,3,9,1
"S02846",2,6,3,8,7
"S02847",3,0,3,1,4
"S02848",2,3,5,5,6
"S02849",1,4,4,7,7
"S02850",4,2,1,10,8
"S02851",0,3,2,6,5
"S02852",4,9,2,1,5
"S02853",4,9,1,10,6
"S02854",2,9,5,6,7
"S02855",1,6,3,4,5
"S02856",2,7,0,3,5
"S02857",3,8,3,4,4
"S02858",1,1,5,8,1
"S02859",1,3,1,6,7
"S02860",1,0,4,9,7
"S02861",2,2,3,5,6
"S02862",4,7,2,9,10
"S02863",4,6,4,4,2
"S02864",4,7,1,4,2
"S02865",4,5,0,6,6
"S02866",4,4,3,10,9
"S02867",3,9,4,7,5
"S02868",0,8,4,2,7
"S02869",1,4,2,4,2
"S02870",0,8,3,8,6
"S02871",3,3,0,9,6
"S02872",4,4,4,5,10
"S02873",3,0,2,6,6
"S02874",3,5,3,10,6
"S02875",0,2,3,7,4
"S02876",1,9,0,7,5
"S02877",2,1,2,3,4
"S02878",2,5,0,2,6
"S02879",1,0,4,10,9
"S02880",4,8,5,8,5
"S02881",3,4,1,9,5
"S02882",4,6,1,8,3
"S02883",3,9,0,8,7
"S02884",2,8,0,2,5
"S02885",1,8,5,4,2
"S02886",0,6,5,6,9
"S02887",0,3,5,8,5
"S02888",1,3,5,2,7
"S02889",2,6,1,8,7
"S02890",3,7,4,1,10
"S02891",0,6,5,6,8
"S02892",2,9,5,8,4
"S02893",1,3,0,8,7
"S02894",4,3,5,7,3
"S02895",2,7,4,7,9
"S02896",2,8,4,10,8
"S02897",4,6,2,9,10
"S02898",2,2,4,2,9
"S02899",0,9,5,1,2
"S02900",0,0,3,2,4
"S02901",0,4,5,3,1
"S02902",2,5,1,9,8
"S02903",2,8,1,10,4
"S02904",2,4,0,7,4
"S02905",1,0,0,5,7
"S02906",4,3,2,5,6
"S02907",2,1,5,6,3
"S02908",4,3,2,2,8
"S02909",3,6,3,1,2
"S02910",0,8,0,1,1
"S02911",1,2,1,3,2
"S02912",4,2,3,1,9
"S02913",0,3,0,9,5
"S02914",1,6,3,10,5
"S02915",0,5,5,5,6
"S02916",2,4,4,9,3
"S02917",2,3,4,5,1
"S02918",0,7,3,1,8
"S02919",1,3,0,7,7
"S02920",0,2,4,7,8
"S02921",3,6,4,4,9
"S02922",1,1,3,3,2
"S02923",1,3,4,1,5
"S02924",0,7,5,7,2
"S02925",4,3,1,5,8
"S02926",0,9,4,10,4
"S02927",4,6,5,1,4
"S02928",1,1,3,1,10
"S02929",2,4,4,3,8
"S02930",2,3,4,3,7
"S02931",0,8,2,2,1
"S02932",4,6,3,8,7
"S02933",0,8,3,8,10
"S02934",3,9,5,6,3
"S02935",0,6,2,5,5
"S02936",0,1,2,6,8
"S02937",0,1,5,1,6
"S02938",0,1,1,2,8
"S02939",4,4,4,7,5
"S02940",4,0,0,1,10
"S02941",4,6,0,8,9
"S02942",3,1,2,3,6
"S02943",3,3,3,4,9
"S02944",0,8,3,7,4
"S02945",4,7,5,10,2
"S02946",3,9,1,7,8
"S02947",2,1,0,2,5
"S02948",0,3,5,5,2
"S02949",1,3,5,8,6
"S02950",4,1,3,9,3
"S02951",0,1,1,5,1
"S02952",0,4,1,2,6
"S02953",1,3,2,4,8
"S02954",2,7,0,5,1
"S02955",3,3,1,6,3
"S02956",3,7,1,6,6
"S02957",1,4,1,1,10
"S02958",1,0,0,6,3
"S02959",3,8,2,10,7
"S02960",2,7,4,1,6
"S02961",2,0,3,5,9
"S02962",0,2,5,7,6
"S02963",1,2,5,8,7
"S02964",1,4,0,5,2
"S02965",1,6,0,2,10
"S02966",3,0,5,3,4
"S02967",3,0,0,7,5
"S02968",3,9,4,10,2
"S02969",2,5,3,4,10
"S02970",3,4,3,1,10
"S02971",0,2,1,3,10
"S02972",3,2,5,10,7
"S02973",2,3,5,2,4
"S02974",1,9,5,9,9
"S02975",0,1,1,1,8
"S02976",2,8,5,9,10
"S02977",4,3,2,10,9
"S02978",1,9,0,5,8
"S02979",3,2,2,6,5
"S02980",2,9,0,6,9
"S02981",4,6,3,6,5
"S02982",2,8,5,9,8
"S02983",3,1,2,9,4
"S02984",2,5,3,10,5
"S02985",4,4,1,7,4
"S02986",2,0,5,3,2
"S02987",0,6,3,7,4
"S02988",0,0,4,5,5
"S02989",3,9,2,9,6
"S02990",4,8,5,8,4
"S02991",4,3,5,10,10
"S02992",4,7,0,6,4
"S02993",4,0,3,5,6
"S02994",4,4,5,10,7
"S02995",1,2,5,2,7
"S02996",2,3,2,3,4
"S02997",4,3,0,3,5
"S02998",0,7,5,4,3
"S02999",2,9,5,3,5
"S03000",3,9,2,7,10
"S03001",3,2,2,6,5
"S03002",4,0,4,8,4
"S03003",1,4,3,2,6
"S03004",1,1,4,2,5
"S03005",2,5,1,1,8
"S03006",1,3,5,5,2
"S03007",3,8,2,7,6
"S03008",4,6,3,9,2
"S03009",0,1,1,5,6
"S03010",3,6,5,1,4
"S03011",3,9,1,3,1
"S03012",2,7,4,8,6
"S03013",1,2,1,3,3
"S03014",0,2,0,7,7
"S03015",0,1,0,10,3
"S03016",1,0,0,3,10
"S03017",4,2,5,2,4
"S03018",1,9,1,10,9
"S03019",4,6,5,6,7
"S03020",0,8,5,2,4
"S03021",2,8,2,10,2
"S03022",3,5,3,5,5
"S03023",0,5,0,5,8
"S03024",0,4,0,5,2
"S03025",0,1,0,6,9
"S03026",3,6,4,3,5
"S03027",4,0,4,10,6
"S03028",2,5,0,5,7
"S03029",2,3,0,8,9
"S03030",2,2,5,4,7
"S03031",4,0,4,5,4
"S03032",1,5,3,1,5
"S03033",1,6,2,1,3
"S03034",2,0,3,8,1
"S03035",0,0,5,2,3
"S03036",0,6,2,10,1
"S03037",3,5,1,10,5
"S03038",1,6,1,7,7
"S03039",0,7,3,7,9
"S03040",2,7,4,9,4
"S03041",3,8,0,1,10
"S03042",1,8,1,2,10
"S03043",3,6,5,1,1
"S03044",0,8,4,1,7
"S03045",2,5,4,4,3
"S03046",2,8,2,8,1
"S03047",2,1,1,10,4
"S03048",0,1,3,8,9
"S03049",4,5,5,9,6
"S03050",2,2,4,2,6
"S03051",4,1,3,7,7
"S03052",2,7,3,4,1
"S03053",4,6,5,3,5
"S03054",1,7,1,4,4
"S03055",1,5,5,4,4
"S03056",2,8,3,3,7
"S03057",3,8,3,9,2
"S03058",3,1,0,8,5
"S03059",0,9,5,10,7
"S03060",1,4,3,2,3
"S03061",1,8,0,3,2
"S03062",3,2,1,10,1
"S03063",2,4,3,7,5
"S03064",0,7,4,5,5
"S03065",1,1,5,1,4
"S03066",0,5,3,1,8
"S03067",1,3,0,8,2
"S03068",4,5,4,6,4
"S03069",4,2,1,4,5
"S03070",0,5,5,3,9
"S03071",3,6,2,9,3
"S03072",3,9,2,9,1
"S03073",1,2,0,4,4
"S03074",4,4,1,8,10
"S03075",4,7,1,4,6
"S03076",0,1,3,8,7
"S03077",0,6,2,7,4
"S03078",3,0,3,6,4
"S03079",3,6,1,7,6
"S03080",3,0,0,6,1
"S03081",2,3,0,6,5
"S03082",4,3,4,7,3
"S03083",4,4,0,4,8
"S03084",0,1,2,5,5
"S03085",4,5,4,9,7
"S03086",0,5,2,2,8
"S03087",2,7,3,9,8
"S03088",3,9,3,5,2
"S03089",2,0,0,10,2
"S03090",3,3,4,1,10
"S03091",3,1,2,7,5
"S03092",0,7,2,5,3
"S03093",3,3,1,3,10
"S03094",2,7,0,3,1
"S03095",1,1,5,1,8
"S03096",0,3,3,7,6
"S03097",3,8,5,2,3
"S03098",3,4,1,8,8
"S03099",4,5,3,4,1
"S03100",0,9,3,4,3
"S03101",0,8,2,5,9
"S03102",2,8,3,9,6
"S03103",1,6,4,7,1
"S03104",2,1,3,3,9
"S03105",2,6,4,4,7
"S03106",2,8,3,9,1
"S03107",1,1,1,1,1
"S03108",2,6,2,8,5
"S03109",0,6,1,8,4
"S03110",1,2,2,7,8
"S03111",3,5,1,6,2
"S03112",4,7,0,7,6
"S03113",4,9,3,10,8
"S03114",0,7,3,4,1
"S03115",4,2,0,4,3
"S03116",4,5,0,5,1
"S03117",4,1,4,4,7
"S03118",3,1,1,4,1
"S03119",4,7,3,9,9
"S03120",2,9,4,6,8
"S03121",0,4,5,3,3
"S03122",0,4,3,3,4
"S03123",0,3,0,10,9
"S03124",3,9,4,8,10
"S03125",3,3,5,3,6
"S03126",4,7,4,4,5
"S03127",2,2,4,6,5
"S03128",4,2,1,9,1
"S03129",0,7,5,6,1
"S03130",2,2,4,3,3
"S03131",0,1,3,6,2
"S03132",2,4,1,4,10
"S03133",1,2,3,5,1
"S03134",3,5,5,5,5
"S03135",3,6,4,3,3
"S03136",0,2,4,5,7
"S03137",0,8,5,5,8
"S03138",1,9,3,7,10
"S03139",4,0,2,9,6
"S03140",2,6,4,5,5
"S03141",1,3,4,9,10
"S03142",1,6,1,5,5
"S03143",0,8,3,4,1
"S03144",0,8,4,6,6
"S03145",4,0,3,8,6
"S03146",4,9,1,4,3
"S03147",0,3,3,5,4
"S03148",3,6,3,10,4
"S03149",4,9,1,1,6
"S03150",1,5,4,10,8
"S03151",0,8,3,1,9
"S03152",2,6,2,8,9
"S03153",2,2,4,7,5
"S03154",3,6,1,5,8
"S03155",0,9,0,9,8
"S03156",1,4,5,1,10
"S03157",3,1,2,3,4
"S03158",1,9,4,6,4
"S03159",2,2,5,1,3
"S03160",1,5,1,6,5
"S03161",2,5,2,2,8
"S03162",4,6,4,10,8
"S03163",2,5,5,5,9
"S03164",2,8,0,10,1
"S03165",3,4,4,2,4
"S03166",3,4,0,1,6
"S03167",0,7,0,4,5
"S03168",0,7,3,2,4
"S03169",2,0,1,9,3
"S03170",4,2,3,3,2
"S03171",0,5,0,9,9
"S03172",2,5,1,4,10
"S03173",3,0,1,10,3
"S03174",0,1,1,7,4
"S03175",0,9,2,7,1
"S03176",2,6,4,6,1
"S03177",2,0,0,8,10
"S03178",1,9,1,6,9
"S03179",1,4,5,9,4
"S03180",4,0,2,5,10
"S03181",0,5,2,3,4
"S03182",1,6,5,5,6
"S03183",2,7,0,4,2
"S03184",0,2,3,3,6
"S03185",1,2,2,1,7
"S03186",4,0,0,8,1
"S03187",4,2,2,4,8
"S03188",4,4,0,3,6
"S03189",4,5,1,4,9
"S03190",2,2,3,1,4
"S03191",4,3,5,6,2
"S03192",3,4,2,3,9
"S03193",4,4,5,8,8
"S03194",1,8,2,10,2
"S03195",0,7,2,5,8
"S03196",1,0,4,9,8
"S03197",0,1,4,9,5
"S03198",2,4,5,2,7
"S03199",0,2,1,5,7
"S03200",3,6,2,7,4
"S03201",4,5,3,7,6
"S03202",1,1,4,10,10
"S03203",0,7,0,3,6
"S03204",1,4,0,7,6
"S03205",4,5,0,7,9
"S03206",2,7,1,4,2
"S03207",4,5,2,7,10
"S03208",2,9,2,8,8
"S03209",1,2,5,3,8
"S03210",2,6,4,2,1
"S03211",2,3,0,9,2
"S03212",2,5,1,7,4
"S03213",2,5,5,1,5
"S03214",2,4,3,10,5
"S03215",0,0,2,10,6
"S03216",2,7,2,9,7
"S03217",2,9,1,5,1
"S03218",4,1,5,2,7
"S03219",4,3,5,7,6
"S03220",4,2,4,9,5
"S03221",2,5,1,3,6
"S03222",4,0,5,4,8
"S03223",0,8,4,9,6
"S03224",1,4,5,2,5
"S03225",4,4,2,4,6
"S03226",4,3,4,5,9
"S03227",0,3,5,4,1
"S03228",3,0,4,7,3
"S03229",3,8,4,6,3
"S03230",0,8,5,9,9
"S03231",4,3,4,4,3
"S03232",1,9,0,9,6
"S03233",4,9,0,1,9
"S03234",0,3,5,6,10
"S03235",0,6,0,7,5
"S03236",2,3,0,9,10
"S03237",0,0,1,1,9
"S03238",2,8,3,1,9
"S03239",0,1,5,2,6
"S03240",2,4,4,6,8
"S03241",2,3,1,3,9
"S03242",4,7,5,6,9
"S03243",2,5,0,2,8
"S03244",3,6,4,10,4
"S03245",0,1,3,6,8
"S03246",1,3,5,7,2
"S03247",0,3,4,6,3
"S03248",4,1,2,2,9
"S03249",4,9,2,5,10
"S03250",2,3,5,10,4
"S03251",4,8,1,6,2
"S03252",4,7,3,8,3
"S03253",0,0,1,9,7
"S03254",3,7,4,5,9
"S03255",3,8,3,7,7
"S03256",2,7,5,4,8
"S03257",4,9,1,10,3
"S03258",4,0,4,5,7
"S03259",3,7,0,1,1
"S03260",2,4,4,3,6
"S03261",4,8,1,2,3
"S03262",2,8,5,6,2
"S03263",0,5,5,9,4
"S03264",4,2,3,10,9
"S03265",4,6,3,3,6
"S03266",4,2,0,2,9
"S03267",3,6,1,2,8
"S03268",3,7,5,6,5
"S03269",4,4,5,10,8
"S03270",4,4,0,6,2
"S03271",0,3,2,5,8
"S03272",0,2,5,9,1
"S03273",2,7,4,7,3
"S03274",2,5,2,7,7
"S03275",3,5,2,1,4
"S03276",1,1,0,10,7
"S03277",0,3,0,10,1
"S03278",2,4,4,2,7
"S03279",0,9,0,3,3
"S03280",0,4,0,5,2
"S03281",1,2,0,4,9
"S03282",0,9,5,8,2
"S03283",1,4,0,4,3
"S03284",1,4,0,6,3
"S03285",0,1,2,9,4
"S03286",0,4,2,2,7
"S03287",2,2,4,8,7
"S03288",0,2,3,5,9
"S03289",0,4,4,10,10
"S03290",0,8,5,6,8
"S03291",2,1,5,3,6
"S03292",1,8,5,8,6
"S03293",2,2,1,2,5
"S03294",0,6,4,1,2
"S03295",4,0,4,1,6
"S03296",0,0,0,8,6
"S03297",2,7,0,2,5
"S03298",2,8,0,5,6
"S03299",3,2,3,2,5
"S03300",4,5,5,4,4
"S03301",2,2,0,9,3
"S03302",1,5,1,2,1
"S03303",0,6,2,4,4
"S03304",1,4,1,10,9
"S03305",2,2,3,5,7
"S03306",2,7,0,10,7
"S03307",1,4,4,10,7
"S03308",1,0,2,5,4
"S03309",3,8,5,5,7
"S03310",0,2,3,10,2
"S03311",1,1,1,10,8
"S03312",0,2,0,2,10
"S03313",4,6,3,8,8
"S03314",2,9,3,5,9
"S03315",1,7,4,6,5
"S03316",4,1,5,8,10
"S03317",2,6,4,8,8
"S03318",3,4,4,10,2
"S03319",2,8,5,7,10
"S03320",1,6,1,8,10
"S03321",4,0,4,10,8
"S03322",4,0,5,7,10
"S03323",4,5,3,10,9
"S03324",2,8,3,6,6
"S03325",0,0,5,5,6
"S03326",0,2,3,5,4
"S03327",2,4,2,8,8
"S03328",1,3,2,1,7
"S03329",2,0,5,2,9
"S03330",0,9,5,1,1
"S03331",2,3,1,10,10
"S03332",4,3,5,7,8
"S03333",1,9,4,9,8
"S03334",1,3,3,7,9
"S03335",3,2,4,9,7
"S03336",2,6,5,4,9
"S03337",4,0,3,7,10
"S03338",2,1,2,10,8
"S03339",3,0,3,10,9
"S03340",3,3,1,7,9
"S03341",2,4,0,10,1
"S03342",2,9,3,10,3
"S03343",2,4,5,2,6
"S03344",0,1,1,2,7
"S03345",3,2,2,8,4
"S03346",1,3,2,2,10
"S03347",0,9,0,1,2
"S03348",4,5,5,1,4
"S03349",1,5,4,1,6
"S03350",1,1,4,6,4
"S03351",1,1,3,5,10
"S03352",3,8,2,7,2
"S03353",4,1,1,3,9
"S03354",0,1,0,5,1
"S03355",4,2,4,2,10
"S03356",0,8,3,9,7
"S03357",3,5,3,9,9
"S03358",4,5,2,4,3
"S03359",1,9,1,2,6
"S03360",4,4,1,10,9
"S03361",3,6,4,8,9
"S03362",3,3,3,4,4
"S03363",3,9,2,5,8
"S03364",0,9,1,4,8
"S03365",4,2,3,2,7
"S03366",1,6,1,6,6
"S03367",1,9,0,1,3
"S03368",2,0,1,8,4
"S03369",3,5,1,1,9
"S03370",1,1,3,5,10
"S03371",3,1,1,9,7
"S03372",1,7,1,1,8
"S03373",4,2,0,10,6
"S03374",2,8,1,7,1
"S03375",3,3,1,7,9
"S03376",0,5,3,5,3
"S03377",0,0,2,4,3
"S03378",1,9,0,9,9
"S03379",4,9,1,5,4
"S03380",3,2,2,1,8
"S03381",2,3,3,9,4
"S03382",4,4,0,5,2
"S03383",1,0,5,9,5
"S03384",4,3,3,8,3
"S03385",2,4,2,10,4
"S03386",4,3,0,7,3
"S03387",3,9,1,6,1
"S03388",1,9,2,9,4
"S03389",2,6,3,4,9
"S03390",1,7,0,5,7
"S03391",3,7,2,1,6
"S03392",2,2,5,7,10
"S03393",2,4,2,6,9
"S03394",1,9,3,7,4
"S03395",4,7,3,1,6
"S03396",4,6,1,7,3
"S03397",0,8,1,7,3
"S03398",0,9,2,8,10
"S03399",2,6,3,2,10
"S03400",1,1,2,1,8
"S03401",2,3,4,1,5
"S03402",1,7,5,8,8
"S03403",3,8,3,7,9
"S03404",0,6,4,9,2
"S03405",2,4,4,2,7
"S03406",3,0,3,4,2
"S03407",4,8,1,8,7
"S03408",0,5,2,6,3
"S03409",1,1,0,2,8
"S03410",4,9,0,10,4
"S03411",4,9,5,2,9
"S03412",3,1,3,7,4
"S03413",2,9,1,9,2
"S03414",2,0,1,8,4
"S03415",3,3,1,2,5
"S03416",4,9,0,3,8
"S03417",0,1,4,8,3
"S03418",4,9,5,4,9
"S03419",3,8,0,6,9
"S03420",4,1,1,2,10
"S03421",4,8,0,1,3
"S03422",4,0,0,6,8
"S03423",4,6,5,8,6
"S03424",0,5,2,5,6
"S03425",1,5,3,1,2
"S03426",1,1,4,10,8
"S03427",2,0,2,2,7
"S03428",1,9,3,3,2
"S03429",1,7,1,2,4
"S03430",1,7,5,9,5
"S03431",4,1,5,10,9
"S03432",4,3,2,2,10
"S03433",0,3,3,3,2
"S03434",4,1,5,9,7
"S03435",4,8,2,3,5
"S03436",1,3,5,8,2
"S03437",0,3,0,8,10
"S03438",0,3,0,3,3
"S03439",1,4,2,10,5
"S03440",1,9,2,10,10
"S03441",0,7,4,3,1
"S03442",3,3,1,8,7
"S03443",1,2,0,3,1
"S03444",1,0,5,4,6
"S03445",0,1,2,5,6
"S03446",3,3,3,7,1
"S03447",3,8,5,1,7
"S03448",2,0,1,8,8
"S03449",3,5,3,3,3
"S03450",1,5,5,7,10
"S03451",4,9,1,10,1
"S03452",0,2,3,3,2
"S03453",1,9,0,9,1
"S03454",0,8,2,10,9
"S03455",3,9,5,5,4
"S03456",0,2,2,3,7
"S03457",1,0,4,3,5
"S03458",4,1,5,4,9
"S03459",1,3,2,5,9
"S03460",2,3,5,5,6
"S03461",0,1,0,8,5
"S03462",1,9,1,10,10
"S03463",3,5,1,6,1
"S03464",3,5,2,5,4
"S03465",1,2,3,2,5
"S03466",2,0,2,5,9
"S03467",0,9,5,7,2
"S03468",2,8,1,3,2
"S03469",4,3,5,7,3
"S03470",1,8,4,1,3
"S03471",2,4,1,6,7
"S03472",4,6,3,1,1
"S03473",2,2,3,7,2
"S03474",4,2,4,6,1
"S03475",3,7,5,10,9
"S03476",3,0,5,1,10
"S03477",1,7,5,9,9
"S03478",2,7,3,5,3
"S03479",3,2,2,7,3
"S03480",0,0,2,1,1
"S03481",3,8,1,8,5
"S03482",3,3,0,8,3
"S03483",2,6,2,9,2
"S03484",4,8,2,2,3
"S03485",0,2,5,6,8
"S03486",0,4,5,10,8
"S03487",4,9,4,5,1
"S03488",2,2,2,6,2
"S03489",3,4,1,5,1
"S03490",4,1,5,1,8
"S03491",0,3,4,2,1
"S03492",0,1,2,3,6
"S03493",3,2,1,7,10
"S03494",3,4,4,10,8
"S03495",1,8,0,9,8
"S03496",4,2,5,2,7
"S03497",3,9,1,10,8
"S03498",1,5,2,1,8
"S03499",2,3,4,1,10
"S03500",0,3,0,4,3
"S03501",4,9,1,9,2
"S03502",2,9,0,4,4
"S03503",4,4,1,3,5
"S03504",4,6,2,10,2
"S03505",3,3,1,8,8
"S03506",1,7,2,9,8
"S03507",4,8,1,5,4
"S03508",2,8,4,2,5
"S03509",4,8,1,4,5
"S03510",1,1,1,10,5
"S03511",0,2,3,8,9
"S03512",4,4,3,2,9
"S03513",2,0,1,9,4
"S03514",0,3,3,5,1
"S03515",0,4,2,7,8
"S03516",3,8,3,5,1
"S03517",3,7,1,3,7
"S03518",4,0,5,2,4
"S03519",2,2,0,3,1
"S03520",3,2,5,2,4
"S03521",1,5,5,2,7
"S03522",1,3,5,2,8
"S03523",0,3,5,2,2
"S03524",0,0,0,8,9
"S03525",0,9,1,5,5
"S03526",1,3,1,9,8
"S03527",3,0,0,5,2
"S03528",3,4,4,1,2
"S03529",4,2,3,8,4
"S03530",2,9,4,3,4
"S03531",1,4,2,10,3
"S03532",0,2,5,10,5
"S03533",2,4,5,2,2
"S03534",0,3,0,6,1
"S03535",2,8,0,4,4
"S03536",2,5,4,4,6
"S03537",3,9,2,9,6
"S03538",4,1,4,10,2
"S03539",4,0,2,8,6
"S03540",0,0,1,3,4
"S03541",1,0,5,9,10
"S03542",4,8,1,1,1
"S03543",1,4,0,7,1
"S03544",0,3,1,7,2
"S03545",1,9,4,2,4
"S03546",2,4,2,7,8
"S03547",2,8,0,7,3
"S03548",0,2,1,9,5
"S03549",1,2,0,6,3
"S03550",1,1,0,10,8
"S03551",0,7,2,10,4
"S03552",4,6,4,9,8
"S03553",3,1,5,3,8
"S03554",4,3,4,8,9
"S03555",3,6,3,4,2
"S03556",1,0,4,1,10
"S03557",3,0,1,7,7
"S03558",3,7,3,3,10
"S03559",1,5,3,4,1
"S03560",2,1,3,3,4
"S03561",3,9,3,6,4
"S03562",0,9,4,10,4
"S03563",4,0,3,1,7
"S03564",1,2,1,10,5
"S03565",1,3,1,7,5
"S03566",3,4,0,10,3
"S03567",2,9,1,8,10
"S03568",2,2,5,3,5
"S03569",4,4,0,9,5
"S03570",4,6,1,2,8
"S03571",2,8,3,10,2
"S03572",2,4,2,10,8
"S03573",2,3,3,9,4
"S03574",3,9,4,5,9
"S03575",0,8,0,6,8
"S03576",4,7,2,2,5
"S03577",1,4,1,5,5
"S03578",2,8,3,6,9
"S03579",2,8,0,5,5
"S03580",0,0,0,4,9
"S03581",2,5,1,8,6
"S03582",4,4,0,2,1
"S03583",2,5,1,1,8
"S03584",0,9,1,2,1
"S03585",3,2,3,4,2
"S03586",4,2,0,1,6
"S03587",3,9,4,9,5
"S03588",1,4,4,1,2
"S03589",0,6,3,5,6
"S03590",1,3,3,8,7
"S03591",1,5,1,9,3
"S03592",1,4,4,9,8
"S03593",1,1,0,8,4
"S03594",0,0,4,6,10
"S03595",3,5,3,6,9
"S03596",2,4,3,9,7
"S03597",1,8,1,2,3
"S03598",2,6,0,3,5
"S03599",2,0,3,6,9
"S03600",1,9,5,8,9
"S03601",4,5,0,7,8
"S03602",2,6,4,8,8
"S03603",4,2,1,5,9
"S03604",3,8,4,9,5
"S03605",2,1,5,6,9
"S03606",0,0,3,10,6
"S03607",3,9,3,2,6
"S03608",3,9,0,6,10
"S03609",4,8,3,4,6
"S03610",1,6,5,5,7
"S03611",0,9,0,5,9
"S03612",0,0,5,1,3
"S03613",4,3,2,10,6
"S03614",4,9,3,5,10
"S03615",3,2,4,10,5
"S03616",4,6,4,9,4
"S03617",1,4,0,8,8
"S03618",3,8,5,8,3
"S03619",3,2,5,3,2
"S03620",3,5,5,9,4
"S03621",0,9,5,9,3
"S03622",0,1,2,10,7
"S03623",3,2,3,7,4
"S03624",1,3,5,6,10
"S03625",2,5,1,9,9
"S03626",3,0,1,6,5
"S03627",4,5,4,3,3
"S03628",2,3,3,6,2
"S03629",0,7,1,2,6
"S03630",0,8,0,2,6
"S03631",2,7,3,7,1
"S03632",4,7,4,8,7
"S03633",0,1,2,7,5
"S03634",0,9,0,5,7
"S03635",3,1,0,4,4
"S03636",1,5,5,8,5
"S03637",4,4,3,9,7
"S03638",3,5,2,7,6
"S03639",1,8,0,1,1
"S03640",0,9,2,4,1
"S03641",1,6,4,4,2
"S03642",0,4,0,10,3
"S03643",3,9,1,3,1
"S03644",0,6,4,4,10
"S03645",1,7,4,9,2
"S03646",3,0,5,1,2
"S03647",1,9,0,2,7
"S03648",1,6,1,7,6
"S03649",2,3,2,9,9
"S03650",0,4,1,7,10
"S03651",0,1,4,1,5
"S03652",1,9,0,7,3
"S03653",0,4,1,6,1
"S03654",4,8,1,1,1
"S03655",0,0,4,1,2
"S03656",3,2,2,2,3
"S03657",0,3,1,6,10
"S03658",4,8,5,4,10
"S03659",1,1,1,4,5
"S03660",0,6,3,6,7
"S03661",3,8,4,9,4
"S03662",4,9,3,1,10
"S03663",2,3,4,2,6
"S03664",1,4,4,8,6
"S03665",1,9,3,8,2
"S03666",1,3,2,6,6
"S03667",4,6,2,6,5
"S03668",0,7,4,8,6
"S03669",0,7,3,2,4
"S03670",0,2,1,2,1
"S03671",0,1,4,1,9
"S03672",1,5,5,6,3
"S03673",2,0,4,6,1
"S03674",1,8,0,6,4
"S03675",2,6,2,2,7
"S03676",2,7,3,7,4
"S03677",0,6,1,3,4
"S03678",3,4,5,1,9
"S03679",4,4,1,1,6
"S03680",3,6,5,9,9
"S03681",2,6,4,3,2
"S03682",3,1,1,8,7
"S03683",2,1,1,10,7
"S03684",1,6,4,7,8
"S03685",1,4,2,2,10
"S03686",0,1,0,2,9
"S03687",4,0,2,4,8
"S03688",1,8,2,2,2
"S03689",4,7,0,5,3
"S03690",0,1,4,10,2
"S03691",4,1,2,7,1
"S03692",1,2,3,2,7
"S03693",1,3,3,9,8
"S03694",3,8,0,1,5
"S03695",3,5,3,2,10
"S03696",3,2,4,7,9
"S03697",4,7,1,5,4
"S03698",1,5,4,1,1
"S03699",0,7,0,4,4
"S03700",2,9,1,8,5
"S03701",1,1,3,5,8
"S03702",3,7,2,2,5
"S03703",3,4,3,9,10
"S03704",4,9,4,1,9
"S03705",3,3,4,1,6
"S03706",4,2,0,10,8
"S03707",0,8,2,5,3
"S03708",3,9,2,9,3
"S03709",4,6,1,6,9
"S03710",3,6,1,5,6
"S03711",4,5,4,6,4
"S03712",1,8,0,6,8
"S03713",4,2,4,9,4
"S03714",2,0,5,9,4
"S03715",0,6,2,5,7
"S03716",1,8,2,4,7
"S03717",0,5,4,1,8
"S03718",1,9,2,6,10
"S03719",3,1,1,7,7
"S03720",4,7,2,7,8
"S03721",3,8,1,1,8
"S03722",0,9,3,6,7
"S03723",0,7,0,8,1
"S03724",1,8,0,3,4
"S03725",0,0,2,1,3
"S03726",4,2,0,7,9
"S03727",0,2,5,4,10
"S03728",3,8,3,5,8
"S03729",4,2,2,2,9
"S03730",0,9,1,7,5
"S03731",2,0,3,1,5
"S03732",2,2,5,4,10
"S03733",3,1,3,8,5
"S03734",1,8,0,7,2
"S03735",1,0,5,7,7
"S03736",0,1,1,7,8
"S03737",4,0,4,5,5
"S03738",1,8,3,10,8
"S03739",2,6,0,3,6
"S03740",1,0,3,10,4
"S03741",2,9,1,7,7
"S03742",1,5,1,8,8
"S03743",3,4,2,7,9
"S03744",4,9,4,6,5
"S03745",0,4,4,9,9
"S03746",2,3,0,6,8
"S03747",1,2,4,5,1
"S03748",0,7,1,6,8
"S03749",2,6,4,10,8
"S03750",2,4,0,4,7
"S03751",3,8,3,6,1
"S03752",1,6,4,4,6
"S03753",0,9,4,5,2
"S03754",1,1,1,6,6
"S03755",1,6,1,1,2
"S03756",4,6,3,6,2
"S03757",2,3,5,6,7
"S03758",2,7,5,1,10
"S03759",4,3,2,7,1
"S03760",4,6,4,10,5
"S03761",1,3,1,5,1
"S03762",2,7,2,8,9
"S03763",0,2,4,5,5
"S03764",3,1,4,10,5
"S03765",4,9,2,5,4
"S03766",0,5,1,2,3
"S03767",0,6,3,4,8
"S03768",1,6,5,4,7
"S03769",4,5,4,10,9
"S03770",0,7,0,10,6
"S03771",3,5,0,8,1
"S03772",0,5,0,3,5
"S03773",3,2,3,1,5
"S03774",3,1,5,7,7
"S03775",3,6,4,9,10
"S03776",4,5,1,6,1
"S03777",3,0,1,2,1
"S03778",4,1,5,2,6
"S03779",0,1,3,1,6
"S03780",3,0,5,6,9
"S03781",2,2,4,8,3
"S03782",0,4,2,1,5
"S03783",2,3,2,1,5
"S03784",2,1,4,1,1
"S03785",1,7,4,10,6
"S03786",4,8,1,5,4
"S03787",1,7,3,7,6
"S03788",4,6,3,4,8
"S03789",1,9,5,1,8
"S03790",0,1,1,1,3
"S03791",2,5,0,10,9
"S03792",0,3,2,3,4
"S03793",4,4,4,5,1
"S03794",2,8,5,5,9
"S03795",2,8,2,9,5
"S03796",4,3,2,9,8
"S03797",0,7,5,9,7
"S03798",2,4,3,8,5
"S03799",0,8,1,9,8
"S03800",0,1,0,8,1
"S03801",0,3,0,8,4
"S03802",2,2,5,8,5
"S03803",3,6,5,8,4
"S03804",1,1,1,5,6
"S03805",4,2,2,10,9
"S03806",0,8,1,3,1
"S03807",2,7,1,4,10
"S03808",4,1,4,9,2
"S03809",3,5,4,7,1
"S03810",3,2,2,9,7
"S03811",2,5,3,7,2
"S03812",0,4,0,8,9
"S03813",3,9,4,3,8
"S03814",3,3,2,8,10
"S03815",3,6,5,4,1
"S03816",2,9,1,6,3
"S03817",4,6,4,1,6
"S03818",1,3,1,2,3
"S03819",2,2,1,7,9
"S03820",0,3,4,6,10
"S03821",2,1,2,10,10
"S03822",2,3,5,5,2
"S03823",1,3,0,7,6
"S03824",1,4,2,2,2
"S03825",1,0,3,10,3
"S03826",4,1,3,4,10
"S03827",2,7,0,5,9
"S03828",0,7,5,8,9
"S03829",1,7,3,6,2
"S03830",1,4,1,6,8
"S03831",2,7,3,5,3
"S03832",0,8,4,10,2
"S03833",1,3,1,5,10
"S03834",2,3,2,1,8
"S03835",3,6,5,4,3
"S03836",4,4,0,9,8
"S03837",2,9,4,2,6
"S03838",1,0,4,6,1
"S03839",0,7,0,2,2
"S03840",3,3,3,9,2
"S03841",0,7,0,5,7
"S03842",0,1,0,9,6
"S03843",0,3,3,10,2
"S03844",2,1,2,5,1
"S03845",2,4,5,9,5
"S03846",4,9,0,2,2
"S03847",3,9,3,7,10
"S03848",0,7,4,8,10
"S03849",1,6,0,3,6
"S03850",0,4,5,1,2
"S03851",3,6,0,2,9
"S03852",0,4,2,10,5
"S03853",2,6,2,5,7
"S03854",2,3,4,9,4
"S03855",3,3,2,5,2
"S03856",4,9,5,1,3
"S03857",0,3,4,1,5
"S03858",3,7,0,2,1
"S03859",1,0,3,1,4
"S03860",1,9,2,8,4
"S03861",4,4,4,2,2
"S03862",2,9,2,8,9
"S03863",3,1,2,5,6
"S03864",0,9,1,1,9
"S03865",3,3,0,4,6
"S03866",4,4,2,2,2
"S03867",3,7,3,6,1
"S03868",4,1,5,5,4
"S03869",4,1,1,9,1
"S03870",4,1,4,3,8
"S03871",3,7,4,5,1
"S03872",1,2,3,10,5
"S03873",0,4,3,7,9
"S03874",4,1,5,9,1
"S03875",2,5,0,3,4
"S03876",4,9,3,4,8
"S03877",3,5,4,1,8
"S03878",4,1,0,2,1
"S03879",2,3,3,3,8
"S03880",1,1,3,10,3
"S03881",3,9,4,7,7
"S03882",3,3,0,7,10
"S03883",3,6,1,1,1
"S03884",2,4,1,9,5
"S03885",3,9,5,3,4
"S03886",1,3,0,3,4
"S03887",0,9,3,2,5
"S03888",0,9,3,3,3
"S03889",4,2,0,6,7
"S03890",0,5,1,10,2
"S03891",2,1,5,4,1
"S03892",0,3,2,2,6
"S03893",2,7,4,8,1
"S03894",2,1,0,1,7
"S03895",4,8,5,10,8
"S03896",0,1,2,8,2
"S03897",4,7,4,2,4
"S03898",3,7,2,9,7
"S03899",1,6,2,4,6
"S03900",0,9,4,4,2
"S03901",3,5,2,7,4
"S03902",3,0,1,3,3
"S03903",4,1,5,10,9
"S03904",4,6,0,3,6
"S03905",1,3,5,4,2
"S03906",1,8,1,10,2
"S03907",1,2,1,3,3
"S03908",1,3,4,10,5
"S03909",4,2,4,8,6
"S03910",2,6,4,9,5
"S03911",4,1,2,5,1
"S03912",2,9,2,3,1
"S03913",4,1,0,7,7
"S03914",4,1,2,3,10
"S03915",1,3,0,6,7
"S03916",2,7,1,4,10
"S03917",3,7,0,7,6
"S03918",3,7,0,6,9
"S03919",3,7,4,7,2
"S03920",1,6,2,4,1
"S03921",3,5,3,6,6
"S03922",4,6,3,10,6
"S03923",1,4,4,7,9
"S03924",3,7,5,10,10
"S03925",1,1,5,8,1
"S03926",4,4,5,10,1
"S03927",1,6,1,9,10
"S03928",3,8,1,3,6
"S03929",1,9,1,5,5
"S03930",0,0,0,10,6
"S03931",3,8,2,3,6
"S03932",4,2,1,5,4
"S03933",2,0,3,2,10
"S03934",1,6,0,3,8
"S03935",1,2,1,7,5
"S03936",3,7,1,8,6
"S03937",3,1,5,5,2
"S03938",0,3,5,3,1
"S03939",4,1,2,4,8
"S03940",1,3,2,3,6
"S03941",1,0,0,3,9
"S03942",2,9,3,9,5
"S03943",1,4,4,4,8
"S03944",1,2,5,6,7
"S03945",0,8,3,3,10
"S03946",2,3,5,8,1
"S03947",1,5,2,4,7
"S03948",1,8,2,8,4
"S03949",4,1,4,2,6
"S03950",1,6,3,9,9
"S03951",0,2,3,2,9
"S03952",1,0,4,3,9
"S03953",1,8,2,3,5
"S03954",3,8,0,5,4
"S03955",1,3,3,3,6
"S03956",2,8,1,8,10
"S03957",3,6,3,10,5
"S03958",2,3,3,7,10
"S03959",2,1,3,1,5
"S03960",0,4,2,6,8
"S03961",1,7,1,2,10
"S03962",2,9,3,8,5
"S03963",1,9,0,10,1
"S03964",1,5,5,8,5
"S03965",0,4,5,7,5
"S03966",0,3,1,8,5
"S03967",2,5,4,1,3
"S03968",2,2,0,8,9
"S03969",3,1,4,1,5
"S03970",1,0,3,3,2
"S03971",1,8,2,4,5
"S03972",0,0,3,3,9
"S03973",0,3,3,2,8
"S03974",2,5,4,3,6
"S03975",3,8,3,9,9
"S03976",3,3,0,2,7
"S03977",0,6,2,5,2
"S03978",0,6,4,3,1
"S03979",3,5,1,9,3
"S03980",3,8,5,7,4
"S03981",2,9,3,10,9
"S03982",3,6,5,3,5
"S03983",1,2,4,2,2
"S03984",3,5,5,2,10
"S03985",4,6,3,5,5
"S03986",3,6,3,9,2
"S03987",0,5,4,2,9
"S03988",0,2,0,2,6
"S03989",4,5,1,8,5
"S03990",1,1,3,3,2
"S03991",3,9,0,3,7
"S03992",3,0,3,6,7
"S03993",4,7,3,6,2
"S03994",2,2,0,6,10
"S03995",2,7,3,5,6
"S03996",1,2,1,4,10
"S03997",3,1,5,9,10
"S03998",3,7,4,4,3
"S03999",3,2,5,1,8
"S04000",0,7,0,8,5
"S04001",2,1,5,8,8
"S04002",4,3,2,3,7
"S04003",0,8,3,9,8
"S04004",0,0,4,7,1
"S04005",2,1,1,7,6
"S04006",3,1,1,5,3
"S04007",1,8,2,3,5
"S04008",4,9,5,10,2
"S04009",2,4,1,5,4
"S04010",1,3,5,3,6
"S04011",2,9,4,3,1
"S04012",2,9,2,1,2
"S04013",2,3,5,4,2
"S04014",2,6,0,9,9
"S04015",3,2,5,6,5
"S04016",0,8,5,6,5
"S04017",2,4,2,6,6
"S04018",1,8,0,5,10
"S04019",1,0,1,2,3
"S04020",1,9,4,5,9
"S04021",0,7,5,10,3
"S04022",0,1,3,3,4
"S04023",1,7,2,10,9
"S04024",3,3,1,2,10
"S04025",0,1,5,4,8
"S04026",0,1,4,10,6
"S04027",3,5,3,9,8
"S04028",2,2,2,7,1
"S04029",0,9,4,10,4
"S04030",1,2,1,9,10
"S04031",1,8,5,3,4
"S04032",3,4,5,2,2
"S04033",1,6,5,9,2
"S04034",4,4,2,6,10
"S04035",1,1,5,10,9
"S04036",3,7,2,4,6
"S04037",3,8,5,4,7
"S04038",3,1,0,10,4
"S04039",4,1,5,10,3
"S04040",0,3,0,6,3
"S04041",2,7,2,7,5
"S04042",1,4,4,10,6
"S04043",0,4,1,5,2
"S04044",3,6,3,8,7
"S04045",0,3,0,10,7
"S04046",0,8,1,1,1
"S04047",4,3,5,1,7
"S04048",3,7,2,4,4
"S04049",3,2,1,8,4
"S04050",1,5,1,8,3
"S04051",1,0,5,6,9
"S04052",1,6,1,5,3
"S04053",1,6,2,10,4
"S04054",0,1,0,10,3
"S04055",0,4,3,2,8
"S04056",1,3,4,5,8
"S04057",1,9,0,5,10
"S04058",1,8,3,2,8
"S04059",2,1,2,8,5
"S04060",1,2,3,10,7
"S04061",2,0,2,5,3
"S04062",1,9,3,5,8
"S04063",3,4,0,1,10
"S04064",4,2,5,1,2
"S04065",0,3,5,1,8
"S04066",3,3,5,8,6
"S04067",4,5,2,10,2
"S04068",2,9,1,2,6
"S04069",0,6,5,8,10
"S04070",2,6,2,6,2
"S04071",2,7,2,5,3
"S04072",0,2,3,6,5
"S04073",4,4,2,4,1
"S04074",0,9,3,3,9
"S04075",1,5,0,4,10
"S04076",2,5,2,9,3
"S04077",1,7,1,8,1
"S04078",0,4,1,8,6
"S04079",0,4,0,1,1
"S04080",4,0,5,5,3
"S04081",2,0,1,6,7
"S04082",3,5,3,9,4
"S04083",0,9,2,10,9
"S04084",3,9,4,10,7
"S04085",2,4,2,6,5
"S04086",1,9,2,1,9
"S04087",2,5,4,1,3
"S04088",4,8,5,7,8
"S04089",3,7,1,3,8
"S04090",3,6,1,7,4
"S04091",1,6,2,5,1
"S04092",1,5,1,1,4
"S04093",0,5,3,8,9
"S04094",2,0,3,9,10
"S04095",4,6,4,6,1
"S04096",0,4,2,2,3
"S04097",2,6,5,9,8
"S04098",1,5,3,2,3
"S04099",4,7,0,6,2
"S04100",1,2,1,10,1
"S04101",1,7,5,4,9
"S04102",3,6,2,6,10
"S04103",2,0,3,4,3
"S04104",0,2,4,3,7
"S04105",3,9,3,8,10
"S04106",2,3,0,5,3
"S04107",2,8,3,1,8
"S04108",2,5,2,8,9
"S04109",4,6,4,3,8
"S04110",3,4,4,4,5
"S04111",0,2,0,9,10
"S04112",3,4,2,3,2
"S04113",1,6,0,5,6
"S04114",2,8,0,8,8
"S04115",1,8,0,6,2
"S04116",3,7,3,3,6
"S04117",0,4,1,8,7
"S04118",1,6,3,5,9
"S04119",1,3,2,6,9
"S04120",4,9,5,3,2
"S04121",3,4,0,8,1
"S04122",1,3,0,4,7
"S04123",3,2,1,9,6
"S04124",0,0,4,5,10
"S04125",1,4,0,1,10
"S04126",0,1,3,9,10
"S04127",1,5,0,8,4
"S04128",2,4,2,5,9
"S04129",4,1,1,3,1
"S04130",4,7,5,9,7
"S04131",4,4,4,7,5
"S04132",0,1,5,8,5
"S04133",3,0,2,3,6
"S04134",4,1,3,6,2
"S04135",1,0,5,4,3
"S04136",1,9,2,3,9
"S04137",2,9,5,4,4
"S04138",0,2,0,2,6
"S04139",1,2,1,5,3
"S04140",1,9,0,8,3
"S04141",2,0,1,5,9
"S04142",2,6,3,2,9
"S04143",3,9,2,7,3
"S04144",3,6,5,8,3
"S04145",3,8,1,4,6
"S04146",1,4,2,3,1
"S04147",2,3,5,8,5
"S04148",0,4,1,10,9
"S04149",3,7,0,2,9
"S04150",4,7,1,7,8
"S04151",1,3,1,10,6
"S04152",0,7,4,8,9
"S04153",1,3,5,5,3
"S04154",3,3,5,7,9
"S04155",1,7,3,9,8
"S04156",3,1,5,8,1
"S04157",1,3,0,5,9
"S04158",3,0,0,4,8
"S04159",2,0,2,3,8
"S04160",2,7,1,6,6
"S04161",2,3,1,4,9
"S04162",2,5,5,4,8
"S04163",2,4,1,7,2
"S04164",4,9,0,10,6
"S04165",1,5,4,5,8
"S04166",2,3,2,1,6
"S04167",4,3,1,5,9
"S04168",4,6,4,6,5
"S04169",1,0,5,1,8
"S04170",1,8,3,3,10
"S04171",3,9,0,6,2
"S04172",3,2,3,7,5
"S04173",2,3,0,7,1
"S04174",0,8,2,7,5
"S04175",3,4,5,9,7
"S04176",0,3,3,2,1
"S04177",3,5,2,3,10
"S04178",4,0,2,7,3
"S04179",4,9,2,6,6
"S04180",4,0,3,1,1
"S04181",0,4,3,10,3
"S04182",2,4,3,7,8
"S04183",3,8,1,2,9
"S04184",3,0,2,4,7
"S04185",0,2,5,7,4
"S04186",4,2,1,4,7
"S04187",2,3,0,6,7
"S04188",3,6,3,9,7
"S04189",2,6,5,5,8
"S04190",2,9,4,3,4
"S04191",1,4,0,6,4
"S04192",2,8,2,4,9
"S04193",1,6,2,9,8
"S04194",0,1,5,2,4
"S04195",4,2,1,10,6
"S04196",1,6,3,5,9
"S04197",2,4,5,9,6
"S04198",4,6,3,10,5
"S04199",2,8,0,7,7
"S04200",2,8,5,5,2
"S04201",1,2,0,8,8
"S04202",0,7,0,2,7
"S04203",2,5,4,4,6
"S04204",1,3,4,6,3
"S04205",2,3,2,7,9
"S04206",4,3,2,8,2
"S04207",0,6,2,4,4
"S04208",2,5,5,9,2
"S04209",0,1,3,7,6
"S04210",0,4,2,2,7
"S04211",4,4,1,9,9
"S04212",4,5,0,7,6
"S04213",3,6,5,5,6
"S04214",0,7,3,3,5
"S04215",2,9,4,9,10
"S04216",4,7,0,7,10
"S04217",2,4,2,3,4
"S04218",0,1,4,5,10
"S04219",4,9,4,3,4
"S04220",3,7,4,3,4
"S04221",0,5,5,7,5
"S04222",2,2,0,9,1
"S04223",3,3,3,5,2
"S04224",0,0,0,4,3
"S04225",4,2,1,4,7
"S04226",0,3,2,3,1
"S04227",1,1,5,8,3
"S04228",2,5,3,10,7
"S04229",4,7,5,1,6
"S04230",4,5,3,3,2
"S04231",1,9,2,2,4
"S04232",3,2,1,7,1
"S04233",4,8,4,6,5
"S04234",3,3,2,1,2
"S04235",3,5,4,3,8
"S04236",3,3,2,4,10
"S04237",0,3,0,10,6
"S04238",1,1,5,7,1
"S04239",2,9,1,3,2
"S04240",1,1,5,4,4
"S04241",4,1,1,7,3
"S04242",1,1,2,4,9
"S04243",2,7,1,9,1
"S04244",0,9,4,6,7
"S04245",4,3,1,2,9
"S04246",0,3,1,1,9
"S04247",4,9,5,8,6
"S04248",2,9,1,3,7
"S04249",0,2,3,7,8
"S04250",2,4,2,4,3
"S04251",2,3,0,3,5
"S04252",1,6,0,9,4
"S04253",4,9,3,6,9
"S04254",3,6,5,6,9
"S04255",3,5,3,6,4
"S04256",0,6,0,3,2
"S04257",2,6,4,6,1
"S04258",1,7,0,4,3
"S04259",4,0,0,2,2
"S04260",0,2,2,3,5
"S04261",2,2,0,4,6
"S04262",3,4,0,1,9
"S04263",3,9,1,7,4
"S04264",4,6,3,5,4
"S04265",4,9,0,9,4
"S04266",4,5,0,6,1
"S04267",0,3,4,8,3
"S04268",4,5,0,9,4
"S04269",0,6,2,6,1
"S04270",1,3,5,7,5
"S04271",2,7,4,6,10
"S04272",3,4,0,6,9
"S04273",0,2,5,2,1
"S04274",2,1,2,5,7
"S04275",4,0,3,6,2
"S04276",3,3,0,10,10
"S04277",0,1,3,5,9
"S04278",4,2,0,4,4
"S04279",2,0,4,6,3
"S04280",1,5,4,6,7
"S04281",2,3,5,8,6
"S04282",0,4,2,8,10
"S04283",1,7,1,10,8
"S04284",1,3,5,1,9
"S04285",4,5,5,2,7
"S04286",2,2,2,1,6
"S04287",0,7,0,10,8
"S04288",1,2,3,7,9
"S04289",4,6,3,8,8
"S04290",1,6,0,3,6
"S04291",2,2,1,3,8
"S04292",3,2,1,7,9
"S04293",0,9,1,8,6
"S04294",3,9,0,6,6
"S04295",2,7,4,8,2
"S04296",3,2,5,2,9
"S04297",2,1,4,7,8
"S04298",2,4,0,5,5
"S04299",4,6,4,6,10
"S04300",3,7,1,7,3
"S04301",1,0,4,9,9
"S04302",2,1,0,7,10
"S04303",3,6,5,1,7
"S04304",1,8,4,5,9
"S04305",0,2,4,4,7
"S04306",1,7,4,8,8
"S04307",3,9,4,7,10
"S04308",3,2,5,4,5
"S04309",1,3,0,3,10
"S04310",1,1,2,6,10
"S04311",2,8,4,8,6
"S04312",3,4,2,3,8
"S04313",2,4,5,5,7
"S04314",2,3,0,10,1
"S04315",0,4,3,1,10
"S04316",3,0,2,10,4
"S04317",2,9,0,10,8
"S04318",0,9,3,8,9
"S04319",2,5,4,7,6
"S04320",2,3,5,8,4
"S04321",3,3,5,2,2
"S04322",1,4,0,7,9
"S04323",1,0,1,4,1
"S04324",3,3,3,2,5
"S04325",1,9,1,9,8
"S04326",4,2,5,5,4
"S04327",1,4,5,7,1
"S04328",2,9,4,4,4
"S04329",2,4,4,10,5
"S04330",0,7,2,4,5
"S04331",3,0,5,3,1
"S04332",0,2,4,1,2
"S04333",2,4,2,2,6
"S04334",2,2,3,9,10
"S04335",0,5,1,1,5
"S04336",4,9,3,5,9
"S04337",1,2,1,2,7
"S04338",4,5,0,4,5
"S04339",4,7,3,7,9
"S04340",4,3,0,5,1
"S04341",4,7,1,1,3
"S04342",1,6,5,3,2
"S04343",3,3,5,10,7
"S04344",0,2,2,9,9
"S04345",4,4,3,1,2
"S04346",4,4,3,10,6
"S04347",0,6,2,4,2
"S04348",0,0,2,5,3
"S04349",3,8,4,10,1
"S04350",2,1,5,3,6
"S04351",3,8,4,3,2
"S04352",2,8,1,1,3
"S04353",1,2,5,6,6
"S04354",3,6,3,4,6
"S04355",1,2,2,8,4
"S04356",0,7,2,6,1
"S04357",3,7,5,3,7
"S04358",0,2,0,7,2
"S04359",4,4,4,3,6
"S04360",0,6,5,9,7
"S04361",4,0,5,8,2
"S04362",2,2,0,3,6
"S04363",4,0,2,2,1
"S04364",2,1,3,3,6
"S04365",4,6,3,4,8
"S04366",4,6,0,3,8
"S04367",1,2,4,9,7
"S04368",1,5,1,10,4
"S04369",0,5,5,2,4
"S04370",1,1,3,8,5
"S04371",2,8,1,7,8
"S04372",1,7,5,1,4
"S04373",0,1,4,6,9
"S04374",3,3,0,6,3
"S04375",2,8,4,9,9
"S04376",3,3,2,10,2
"S04377",2,6,4,8,6
"S04378",0,4,0,7,5
"S04379",1,9,0,7,5
"S04380",3,5,4,5,6
"S04381",3,0,5,2,10
"S04382",1,3,0,10,7
"S04383",0,4,2,5,4
"S04384",1,5,1,1,4
"S04385",4,5,4,10,9
"S04386",4,4,0,6,4
"S04387",4,2,5,2,8
"S04388",3,1,5,1,10
"S04389",3,6,5,1,1
"S04390",0,0,1,1,4
"S04391",2,4,2,4,2
"S04392",1,3,4,5,10
"S04393",2,6,0,5,5
"S04394",3,1,1,1,2
"S04395",1,7,2,6,7
"S04396",3,8,3,3,10
"S04397",0,9,0,4,7
"S04398",1,0,5,5,9
"S04399",3,4,5,4,4
"S04400",4,3,2,4,5
"S04401",4,4,1,10,3
"S04402",3,8,5,1,7
"S04403",2,2,4,2,5
"S04404",0,0,1,2,9
"S04405",0,2,5,2,7
"S04406",3,3,4,10,4
"S04407",0,1,2,1,7
"S04408",1,0,2,10,1
"S04409",0,0,1,8,2
"S04410",4,7,1,1,3
"S04411",3,3,4,8,5
"S04412",1,1,0,1,5
"S04413",0,9,1,10,7
"S04414",4,2,5,3,9
"S04415",2,7,0,9,10
"S04416",0,5,0,8,9
"S04417",4,7,0,2,6
"S04418",4,9,2,4,7
"S04419",4,4,2,8,8
"S04420",4,2,0,9,4
"S04421",2,5,0,7,7
"S04422",3,9,2,1,6
"S04423",4,7,4,8,8
"S04424",3,4,5,1,1
"S04425",2,4,3,9,5
"S04426",2,2,1,8,3
"S04427",1,2,0,4,9
"S04428",1,7,2,10,9
"S04429",4,0,0,4,3
"S04430",3,3,0,4,10
"S04431",2,8,0,6,2
"S04432",0,5,0,2,5
"S04433",1,5,4,4,4
"S04434",1,9,1,4,7
"S04435",0,6,1,8,8
"S04436",3,6,2,2,4
"S04437",3,5,4,8,3
"S04438",3,8,4,10,9
"S04439",4,7,1,2,8
"S04440",4,7,2,9,7
"S04441",0,1,4,9,8
"S04442",2,6,2,6,8
"S04443",0,0,1,10,10
"S04444",2,9,0,5,8
"S04445",0,7,5,7,1
"S04446",4,2,5,8,4
"S04447",3,8,5,8,10
"S04448",1,4,4,3,7
"S04449",0,6,2,3,6
"S04450",0,6,0,5,3
"S04451",1,8,1,5,3
"S04452",0,1,3,2,4
"S04453",3,3,5,5,10
"S04454",1,7,4,1,6
"S04455",1,4,4,7,1
"S04456",3,4,2,7,10
"S04457",3,2,1,1,4
"S04458",1,4,5,3,9
"S04459",3,6,1,8,7
"S04460",3,3,4,9,6
"S04461",3,7,4,3,5
"S04462",1,5,5,6,2
"S04463",0,5,5,6,2
"S04464",2,5,2,6,6
"S04465",1,3,2,5,9
"S04466",2,2,3,6,9
"S04467",3,9,0,6,1
"S04468",3,5,2,10,7
"S04469",0,5,0,6,7
"S04470",3,1,4,8,10
"S04471",2,9,3,6,2
"S04472",1,8,3,3,10
"S04473",1,3,3,7,4
"S04474",0,3,1,6,8
"S04475",2,9,5,9,6
"S04476",3,7,5,4,7
"S04477",4,2,4,1,10
"S04478",0,9,1,6,6
"S04479",0,6,1,9,9
"S04480",4,6,3,8,10
"S04481",1,1,1,2,10
"S04482",1,2,4,3,9
"S04483",1,3,4,8,6
"S04484",4,1,1,9,6
"S04485",3,8,5,8,9
"S04486",3,9,4,10,10
"S04487",2,5,5,1,9
"S04488",2,0,0,3,3
"S04489",1,0,1,8,7
"S04490",4,7,3,1,3
"S04491",0,5,3,7,4
"S04492",3,9,4,4,9
"S04493",4,6,4,7,10
"S04494",2,5,3,4,8
"S04495",3,1,0,8,6
"S04496",3,2,3,6,6
"S04497",4,7,1,10,8
"S04498",2,3,3,10,2
"S04499",4,7,2,8,5
"S04500",0,2,0,1,7
"S04501",3,1,0,9,3
"S04502",4,6,3,9,8
"S04503",4,0,2,6,3
"S04504",0,2,1,9,4
"S04505",4,1,3,6,10
"S04506",3,4,1,6,10
"S04507",1,1,2,4,6
"S04508",1,9,3,3,6
"S04509",2,4,3,3,2
"S04510",0,2,1,2,2
"S04511",2,8,3,4,3
"S04512",1,9,2,9,3
"S04513",0,8,3,7,4
"S04514",4,7,4,3,4
"S04515",4,4,2,8,4
"S04516",3,9,0,9,10
"S04517",1,6,1,1,10
"S04518",4,1,5,1,3
"S04519",0,2,5,9,1
"S04520",4,1,2,9,9
"S04521",2,9,5,7,2
"S04522",2,0,0,3,3
"S04523",2,2,0,4,2
"S04524",2,3,2,7,6
"S04525",2,8,0,9,6
"S04526",3,1,0,8,1
"S04527",2,8,5,8,4
"S04528",3,0,4,1,10
"S04529",3,8,3,6,5
"S04530",4,5,5,6,6
"S04531",0,7,5,5,5
"S04532",2,2,4,1,3
"S04533",0,7,3,3,3
"S04534",1,8,0,4,3
"S04535",3,6,3,10,6
"S04536",1,3,4,7,4
"S04537",3,5,1,5,4
"S04538",2,5,1,2,3
"S04539",1,1,3,3,4
"S04540",4,1,1,1,8
"S04541",1,4,2,6,3
"S04542",3,0,1,8,10
"S04543",3,4,3,4,3
"S04544",0,9,0,2,6
"S04545",1,2,4,4,1
"S04546",4,2,1,10,10
"S04547",2,7,3,4,6
"S04548",0,2,4,5,9
"S04549",1,2,2,3,3
"S04550",0,0,0,9,2
"S04551",1,7,5,7,3
"S04552",2,9,4,9,3
"S04553",2,9,5,7,2
"S04554",4,5,4,10,4
"S04555",0,7,3,4,8
"S04556",4,2,2,5,7
"S04557",1,5,1,7,10
"S04558",2,1,2,6,9
"S04559",2,2,0,9,8
"S04560",3,3,5,3,7
"S04561",3,8,1,8,6
"S04562",4,3,5,10,3
"S04563",0,6,2,4,10
"S04564",1,7,0,9,4
"S04565",4,4,4,1,8
"S04566",2,1,4,5,2
"S04567",2,7,5,4,6
"S04568",2,4,5,5,1
"S04569",1,4,4,6,7
"S04570",4,6,5,1,4
"S04571",1,5,4,8,1
"S04572",2,2,5,3,5
"S04573",3,6,1,7,5
"S04574",4,0,5,7,6
"S04575",3,3,4,9,8
"S04576",4,3,1,7,4
"S04577",2,5,1,8,7
"S04578",3,5,2,4,4
"S04579",3,9,4,10,2
"S04580",4,7,3,4,8
"S04581",3,0,5,10,5
"S04582",3,6,4,8,10
"S04583",2,3,3,4,4
"S04584",4,5,4,4,2
"S04585",4,9,1,10,7
"S04586",0,8,4,3,5
"S04587",4,2,4,3,9
"S04588",2,7,4,4,7
"S04589",3,2,4,2,9
"S04590",0,5,2,3,10
"S04591",3,1,5,2,10
"S04592",4,8,2,6,5
"S04593",1,1,1,3,6
"S04594",3,4,1,2,8
"S04595",4,5,3,9,10
"S04596",2,3,1,8,6
"S04597",4,6,2,5,4
"S04598",0,6,1,9,2
"S04599",1,6,3,5,6
"S04600",1,6,3,5,9
"S04601",1,9,2,4,8
"S04602",2,9,1,3,3
"S04603",1,8,5,10,5
"S04604",3,1,3,9,6
"S04605",2,4,1,4,7
"S04606",4,9,1,7,2
"S04607",0,8,5,5,6
"S04608",2,1,2,7,2
"S04609",0,2,2,8,8
"S04610",2,6,1,8,7
"S04611",4,8,4,10,2
"S04612",0,2,4,6,4
"S04613",2,9,0,5,7
"S04614",0,7,0,2,9
"S04615",1,7,0,8,3
"S04616",1,3,2,5,10
"S04617",1,5,1,8,10
"S04618",3,7,5,6,8
"S04619",1,8,5,8,9
"S04620",1,1,3,1,8
"S04621",4,0,1,9,4
"S04622",0,4,1,9,4
"S04623",0,9,0,3,7
"S04624",1,2,1,5,4
"S04625",0,5,5,7,10
"S04626",2,0,0,8,10
"S04627",1,3,1,7,7
"S04628",1,5,3,3,9
"S04629",3,1,4,7,9
"S04630",2,7,4,1,9
"S04631",1,3,2,5,10
"S04632",1,1,3,9,10
"S04633",0,0,5,2,6
"S04634",1,7,1,3,1
"S04635",1,9,3,9,8
"S04636",1,0,1,3,6
"S04637",1,6,3,8,7
"S04638",3,6,3,6,2
"S04639",2,5,4,7,3
"S04640",3,7,3,5,6
"S04641",0,9,2,10,3
"S04642",4,0,1,7,5
"S04643",1,0,0,10,4
"S04644",0,0,3,10,5
"S04645",4,5,0,3,8
"S04646",1,6,4,5,4
"S04647",1,9,0,6,9
"S04648",4,8,2,9,3
"S04649",3,9,2,4,7
"S04650",4,4,4,8,7
"S04651",4,0,5,8,1
"S04652",2,8,2,10,3
"S04653",1,4,1,6,10
"S04654",1,5,5,8,1
"S04655",3,8,2,5,8
"S04656",3,1,5,1,10
"S04657",2,2,3,4,5
"S04658",2,6,2,6,4
"S04659",2,2,5,9,3
"S04660",3,1,1,4,7
"S04661",4,6,4,6,8
"S04662",1,7,2,10,8
"S04663",1,8,1,5,1
"S04664",0,1,3,9,7
"S04665",3,1,0,10,5
"S04666",3,6,0,6,2
"S04667",2,3,4,3,8
"S04668",0,4,4,2,2
"S04669",0,0,0,3,6
"S04670",3,5,0,6,5
"S04671",2,9,4,10,6
"S04672",1,7,0,8,10
"S04673",2,0,2,8,8
"S04674",1,1,5,5,9
"S04675",3,6,1,1,3
"S04676",2,1,5,1,3
"S04677",0,8,4,7,7
"S04678",4,5,1,2,3
"S04679",0,4,3,4,10
"S04680",1,6,3,10,5
"S04681",3,9,2,5,10
"S04682",2,7,3,8,4
"S04683",3,8,4,10,9
"S04684",3,5,2,9,8
"S04685",1,4,5,1,9
"S04686",3,6,2,9,6
"S04687",2,1,4,5,2
"S04688",0,7,0,4,8
"S04689",3,3,1,10,1
"S04690",2,0,4,5,5
"S04691",2,2,0,9,2
"S04692",1,8,0,8,7
"S04693",3,3,3,10,5
"S04694",1,9,5,5,10
"S04695",0,9,2,10,3
"S04696",0,2,2,5,7
"S04697",2,3,3,1,3
"S04698",3,2,3,9,6
"S04699",2,2,2,3,4
"S04700",3,1,4,1,10
"S04701",1,5,4,5,2
"S04702",0,9,4,10,9
"S04703",0,5,4,3,6
"S04704",1,9,3,6,5
"S04705",4,3,1,7,5
"S04706",4,7,1,4,8
"S04707",4,5,2,4,5
"S04708",3,7,1,2,8
"S04709",1,5,4,2,8
"S04710",3,8,3,7,1
"S04711",3,2,4,5,4
"S04712",1,2,0,5,9
"S04713",3,1,3,2,2
"S04714",1,9,0,7,4
"S04715",4,5,0,2,4
"S04716",4,6,2,5,1
"S04717",3,6,0,5,10
"S04718",0,4,1,3,10
"S04719",1,5,1,2,7
"S04720",2,6,0,3,1
"S04721",2,1,2,5,5
"S04722",3,9,0,6,8
"S04723",0,6,3,4,4
"S04724",1,0,3,7,5
"S04725",4,5,3,2,10
"S04726",3,7,3,6,3
"S04727",1,0,0,9,5
"S04728",1,0,4,10,3
"S04729",1,5,4,5,4
"S04730",0,4,5,4,3
"S04731",1,2,3,9,5
"S04732",0,9,5,6,2
"S04733",0,9,5,4,9
"S04734",1,6,2,1,3
"S04735",4,6,2,9,10
"S04736",1,6,0,10,1
"S04737",4,5,4,3,5
"S04738",3,3,0,6,4
"S04739",2,8,1,1,2
"S04740",3,8,3,6,8
"S04741",0,6,1,3,9
"S04742",3,6,1,3,6
"S04743",2,7,5,7,8
"S04744",2,4,2,9,2
"S04745",4,8,4,6,6
"S04746",3,5,5,1,1
"S04747",0,6,5,9,10
"S04748",0,6,3,5,3
"S04749",4,8,0,2,7
"S04750",4,6,3,3,1
"S04751",3,2,0,5,6
"S04752",4,5,0,2,7
"S04753",2,5,4,3,3
"S04754",0,6,1,8,8
"S04755",2,5,0,6,8
"S04756",1,3,4,2,5
"S04757",2,5,1,2,2
"S04758",0,2,5,1,2
"S04759",1,0,5,7,5
"S04760",3,0,1,6,4
"S04761",1,4,3,6,4
"S04762",4,7,3,5,5
"S04763",0,2,3,3,1
"S04764",4,1,2,8,7
"S04765",2,7,1,3,3
"S04766",3,8,2,5,10
"S04767",0,8,3,8,10
"S04768",3,1,4,3,8
"S04769",0,7,3,5,9
"S04770",4,1,0,6,8
"S04771",2,6,4,1,2
"S04772",1,7,4,2,7
"S04773",3,0,1,7,4
"S04774",0,7,2,9,5
"S04775",0,2,0,10,10
"S04776",3,0,4,4,5
"S04777",1,6,2,5,9
"S04778",2,9,2,4,2
"S04779",0,2,0,3,2
"S04780",0,7,0,10,3
"S04781",3,8,3,2,5
"S04782",3,1,3,3,4
"S04783",0,0,4,2,10
"S04784",0,7,4,8,10
"S04785",0,9,4,1,9
"S04786",4,5,3,5,3
"S04787",0,9,4,1,1
"S04788",2,0,4,5,5
"S04789",2,2,3,3,8
"S04790",1,8,3,9,1
"S04791",3,8,4,1,1
"S04792",1,5,4,10,6
"S04793",0,2,2,1,7
"S04794",3,7,1,8,8
"S04795",0,5,3,3,8
"S04796",3,0,1,7,3
"S04797",4,5,3,10,4
"S04798",4,4,5,5,9
"S04799",4,7,2,2,5
"S04800",1,1,1,7,9
"S04801",3,6,2,7,5
"S04802",1,5,0,3,5
"S04803",3,0,1,6,9
"S04804",0,7,1,5,6
"S04805",4,5,5,1,3
"S04806",4,2,1,1,5
"S04807",3,4,0,2,1
"S04808",1,6,0,7,9
"S04809",1,8,2,3,10
"S04810",2,3,0,9,10
"S04811",4,1,3,3,7
"S04812",4,2,4,10,1
"S04813",1,6,1,4,4
"S04814",4,7,2,8,2
"S04815",1,4,2,4,3
"S04816",2,2,2,7,4
"S04817",3,0,2,5,2
"S04818",3,9,1,6,10
"S04819",2,0,2,8,1
"S04820",4,1,1,4,4
"S04821",0,4,2,6,9
"S04822",4,2,2,10,9
"S04823",1,6,4,2,9
"S04824",0,1,3,9,3
"S04825",2,1,0,9,1
"S04826",3,2,0,10,1
"S04827",3,0,0,10,3
"S04828",4,1,3,6,10
"S04829",3,4,1,6,8
"S04830",4,2,0,10,4
"S04831",1,9,0,7,8
"S04832",1,5,0,4,7
"S04833",2,1,1,7,8
"S04834",1,7,3,10,2
"S04835",4,3,3,1,8
"S04836",3,2,5,7,9
"S04837",1,4,5,1,10
"S04838",1,7,1,8,6
"S04839",4,8,4,10,3
"S04840",1,0,2,6,7
"S04841",3,3,1,1,9
"S04842",3,5,2,1,8
"S04843",3,5,3,4,8
"S04844",3,8,2,7,7
"S04845",0,0,5,5,5
"S04846",3,4,0,5,2
"S04847",0,9,2,8,5
"S04848",3,0,5,2,5
"S04849",3,5,2,4,2
"S04850",4,8,3,4,10
"S04851",3,3,4,8,1
"S04852",1,9,2,6,5
"S04853",3,9,3,10,6
"S04854",2,8,0,9,7
"S04855",4,2,2,10,2
"S04856",4,6,2,9,6
"S04857",3,4,0,4,8
"S04858",2,9,5,10,6
"S04859",3,0,5,7,3
"S04860",1,6,5,3,3
"S04861",4,7,1,6,7
"S04862",4,5,4,1,2
"S04863",2,0,0,5,3
"S04864",0,8,5,6,7
"S04865",2,6,0,5,9
"S04866",1,5,0,7,1
"S04867",2,3,1,4,5
"S04868",0,2,0,5,2
"S04869",1,3,1,4,5
"S04870",1,0,4,9,6
"S04871",0,8,1,2,8
"S04872",3,1,4,1,7
"S04873",2,1,4,4,5
"S04874",1,2,4,6,5
"S04875",2,0,3,10,2
"S04876",0,9,4,8,6
"S04877",4,2,1,4,3
"S04878",0,3,3,1,6
"S04879",2,8,0,9,3
"S04880",1,4,0,3,2
"S04881",2,5,2,6,8
"S04882",4,0,4,10,4
"S04883",1,2,2,8,5
"S04884",4,6,4,5,9
"S04885",3,6,4,7,4
"S04886",0,9,5,10,1
"S04887",3,0,1,9,6
"S04888",2,8,1,1,5
"S04889",3,0,0,8,10
"S04890",0,6,3,2,3
"S04891",1,1,0,1,5
"S04892",4,8,4,4,8
"S04893",1,8,5,6,1
"S04894",3,8,3,8,4
"S04895",2,3,2,1,3
"S04896",3,5,4,1,4
"S04897",0,1,1,10,2
"S04898",0,2,0,2,2
"S04899",2,5,0,9,2
"S04900",1,0,2,4,3
"S04901",0,6,0,7,9
"S04902",0,1,0,3,5
"S04903",2,7,3,1,4
"S04904",1,4,4,1,4
"S04905",3,6,3,9,3
"S04906",4,7,3,4,9
"S04907",2,2,0,3,10
"S04908",1,5,4,5,1
"S04909",4,8,0,1,6
"S04910",2,3,5,3,4
"S04911",3,9,5,4,8
"S04912",3,6,0,6,7
"S04913",1,0,3,9,3
"S04914",1,6,5,3,5
"S04915",3,8,1,4,4
"S04916",3,9,5,5,4
"S04917",2,7,1,8,10
"S04918",1,3,3,9,8
"S04919",4,2,3,3,9
"S04920",3,6,0,3,4
"S04921",4,0,4,7,2
"S04922",1,7,5,9,1
"S04923",1,0,0,1,10
"S04924",0,6,0,1,4
"S04925",3,5,2,2,8
"S04926",1,9,0,6,5
"S04927",1,7,4,3,2
"S04928",3,5,0,8,4
"S04929",0,4,3,5,4
"S04930",0,8,4,3,10
"S04931",0,3,5,8,5
"S04932",0,6,3,8,2
"S04933",2,5,2,2,7
"S04934",3,9,2,5,5
"S04935",3,5,4,3,4
"S04936",3,4,5,7,8
"S04937",0,1,1,2,2
"S04938",0,3,1,9,1
"S04939",1,0,4,2,6
"S04940",2,8,4,2,10
"S04941",3,8,3,6,10
"S04942",2,7,2,3,8
"S04943",3,3,4,3,7
"S04944",0,4,0,10,9
"S04945",0,0,3,2,1
"S04946",3,3,2,5,3
"S04947",4,3,3,5,9
"S04948",0,4,2,7,5
"S04949",1,1,0,8,6
"S04950",0,1,2,8,7
"S04951",1,1,3,3,3
"S04952",2,7,2,6,7
"S04953",0,1,3,5,3
"S04954",0,5,4,4,6
"S04955",2,1,0,10,8
"S04956",1,7,3,6,7
"S04957",4,0,1,4,5
"S04958",1,1,1,8,6
"S04959",3,4,5,9,4
"S04960",3,5,5,1,2
"S04961",3,8,2,1,7
"S04962",2,5,4,4,4
"S04963",1,7,4,6,6
"S04964",0,6,1,8,10
"S04965",3,0,2,1,2
"S04966",1,1,4,3,2
"S04967",0,3,4,4,6
"S04968",1,0,2,10,8
"S04969",2,7,3,2,1
"S04970",3,3,1,9,10
"S04971",4,6,5,3,7
"S04972",3,6,4,4,6
"S04973",3,7,3,4,5
"S04974",2,8,3,1,10
"S04975",0,8,3,5,8
"S04976",3,6,3,5,1
"S04977",0,8,0,2,5
"S04978",0,4,0,1,6
"S04979",2,9,5,5,4
"S04980",3,3,2,5,10
"S04981",2,2,1,7,10
"S04982",2,5,2,10,2
"S04983",4,9,0,10,8
"S04984",2,8,2,2,5
"S04985",4,3,2,8,10
"S04986",0,1,3,5,6
"S04987",0,2,4,5,9
"S04988",1,2,0,9,2
"S04989",1,1,0,2,5
"S04990",0,8,2,10,1
"S04991",3,3,4,2,3
"S04992",1,2,2,5,6
"S04993",2,9,1,1,8
"S04994",1,5,0,5,5
"S04995",0,7,3,5,4
"S04996",3,7,3,8,5
"S04997",0,9,3,6,4
"S04998",3,5,5,6,2
"S04999",1,4,5,5,1
"S05000",2,6,0,5,8
